roadLabel,countryLabel,length
Tripoli–Cape Town Highway,South Africa,10808
Tripoli–Cape Town Highway,Chad,10808
Tripoli–Cape Town Highway,Angola,10808
Tripoli–Cape Town Highway,Central African Republic,10808
Tripoli–Cape Town Highway,Republic of the Congo,10808
Tripoli–Cape Town Highway,Democratic Republic of the Congo,10808
Tripoli–Cape Town Highway,Cameroon,10808
Tripoli–Cape Town Highway,Libya,10808
Tripoli–Cape Town Highway,Namibia,10808
Cape to Cairo Road,Egypt,10228
Cape to Cairo Road,Kenya,10228
Cape to Cairo Road,Ethiopia,10228
Cape to Cairo Road,South Africa,10228
Cape to Cairo Road,Tanzania,10228
Cape to Cairo Road,Zambia,10228
Cape to Cairo Road,Zimbabwe,10228
Cape to Cairo Road,Botswana,10228
Cape to Cairo Road,Sudan,10228
Beira–Lobito Highway,Angola,3523
Beira–Lobito Highway,Zambia,3523
Beira–Lobito Highway,Zimbabwe,3523
Beira–Lobito Highway,Democratic Republic of the Congo,3523
Beira–Lobito Highway,Mozambique,3523
National Road 1,Democratic Republic of the Congo,2746
N2 road,South Africa,2269
N1 road,South Africa,1940
Via Balbia,Libya,1822
National Road 2,Democratic Republic of the Congo,1758
N1 road,Guinea,1729
Route nationale 1,Cameroon,1588
B1 road,Namibia,1467
N12 road,South Africa,1353
N14 road,South Africa,1195
National Road 5,Democratic Republic of the Congo,1102
A2 Highway,Italian East Africa,1071
A2 Highway,Ethiopia,1071
N10 road,South Africa,1048
National Road 39,Democratic Republic of the Congo,1043
Highway of the Hauts Plateaux,Algeria,1020
R34 road,South Africa,977
B8 road,Namibia,933
Route nationale 7,Madagascar,920
N3 road,Guinea,917
N5 road,Guinea,917
National Road 8,Democratic Republic of the Congo,831
A3 road,Botswana,816
Route nationale 6,Cameroon,802
R33 road,South Africa,798
N11 road,South Africa,767
RNIE 2,Benin,729
N4 road,South Africa,718
Route nationale 6,Madagascar,713
National route 1,Mali,708
N8 road,South Africa,700
N7 road,South Africa,666
R31 road,South Africa,641
N1 road,Togo,624
National route 6,Mali,612
C35 road (Namibia),Namibia,606
National Road 20,Democratic Republic of the Congo,602
route nationale 1,Republic of the Congo,601
National Road 33,Democratic Republic of the Congo,589
National Road 31,Democratic Republic of the Congo,589
Lamu–Garissa–Isiolo Road,Kenya,580
N3 road,South Africa,579
R103 road,South Africa,576
R56 road,South Africa,576
National route 15,Mali,564
Route nationale 4,Madagascar,562
Route nationale 19,Madagascar,547
N6 road,South Africa,545
N9 road,South Africa,532
Route nationale 10,Cameroon,525
National Road 25,Democratic Republic of the Congo,521
Route nationale 13,Madagascar,493
A109 road,Kenya,482
National Road 24,Democratic Republic of the Congo,481
Route nationale 1b,Madagascar,474
A30 road,Botswana,470
C43 road (Namibia),Namibia,470
National route 7,Mali,469
Route nationale 35,Madagascar,460
C39 road,Namibia,460
RNIE 3,Benin,456
C14 road,Namibia,451
National Road 16,Democratic Republic of the Congo,441
B10 road,Namibia,439
Route nationale 9,Cameroon,425
R59 road,South Africa,421
Route nationale 10,Madagascar,420
C15 road,Namibia,419
Route nationale 5a,Madagascar,414
Route nationale 5,Madagascar,402
N2,Ghana,397.68
N6 road,Guinea,397
Route nationale 3,Cameroon,397
Route nationale 15,Cameroon,391
B14 road,Namibia,389
C34 road,Namibia,386
National Road 17,Democratic Republic of the Congo,372
National Road 19,Democratic Republic of the Congo,372
R58 road,South Africa,370
Route nationale 34,Madagascar,368
Route nationale 2,Madagascar,367
A33 road,Botswana,363
N10 road,Burkina Faso,360
N11 road,Burkina Faso,360
route nationale 23,Burkina Faso,360
N1 road,Burkina Faso,355
National route 19,Mali,354
Route nationale 9,Madagascar,350
C38 road,Namibia,350
Route nationale 2,Madagascar,349
C20 road,Namibia,341
Route nationale 33,Madagascar,340
N17 road,South Africa,338
C19 road,Namibia,337
R555 road,South Africa,336
N1,Ghana,335.54
B4 road,Namibia,334
R510 road,South Africa,332
Route nationale 11,Cameroon,324
C11 road,Namibia,323
C22 road,Namibia,323
National route 20,Mali,322
C44 road,Namibia,320
B2 road,Namibia,320
C30 road,Namibia,320
N18 road,South Africa,318
B6 road,Namibia,318
R104 road,South Africa,317
C28 road,Namibia,316
R40 road,South Africa,310
N15 road,Burkina Faso,310
Fes–Oujda expressway,Morocco,306
Route nationale 12,Madagascar,302
R38 road,South Africa,300
A35 road,Botswana,296
National Road 26,Democratic Republic of the Congo,296
Nairobi–Mombasa Expressway,Kenya,294
B8 road,Kenya,288
Malindi–Bagamoyo Highway,Kenya,286
Malindi–Bagamoyo Highway,Tanzania,286
C13 road,Namibia,286
N22 road,Burkina Faso,280
Garowe–Bosaso Highway,Somalia,279.1
Nairobi–Malaba Road,Kenya,278
Route nationale 4,Cameroon,277
Route nationale 5,Cameroon,277
Route nationale 2,Cameroon,276
N30 road,Guinea,275
Route nationale 27,Madagascar,275
Handeni–Kiberashi–Chemba–Kwa Mtoro–Singida Road,Tanzania,274
N3 road,Burkina Faso,270
N20 road,Burkina Faso,270
C40 road,Namibia,269
R505 road,South Africa,266
N14 road,Burkina Faso,265
Kibwezi–Kitui–Kandwia–Usueni Road,Kenya,261
C27 road (Namibia),Namibia,260
R57 road,South Africa,258
N24 road,Guinea,258
Route nationale 12a,Madagascar,256
Casablanca–Safi expressway,Morocco,255
N13 road,Burkina Faso,250
Route nationale 8c,Madagascar,250
A14 road,Botswana,248
Route nationale 15,Madagascar,247
N2 road,Burkina Faso,245
National Road 40,Democratic Republic of the Congo,245
National Road 41,Democratic Republic of the Congo,245
A9 highway,Nigeria,244
Route nationale 13,Cameroon,243
C10 road,Namibia,241
N12 road,Burkina Faso,230
N5 road,South Africa,229
Route nationale 8,Cameroon,229
National Road 6,Democratic Republic of the Congo,228
National Road 7,Democratic Republic of the Congo,228
Route nationale 44,Madagascar,228
National Road 22,Democratic Republic of the Congo,226
RN7,Benin,225
N5 road,Togo,222
RNIE 7,Benin,222
Casablanca–Marrakesh expressway,Morocco,220
Rwekunye–Apac–Aduku–Lira–Kitgum–Musingo Road,Uganda,217.5
N4 road,Burkina Faso,215
National Highway 1,Djibouti,215
National Highway 7,Djibouti,215
National Highway 9,Djibouti,215
National Highway 10,Djibouti,215
RN8,Benin,212
N19 road,Burkina Faso,210
Kampala–Gulu Highway,Uganda,205
National route 17,Mali,204
C18 road,Namibia,204
N23 road,Guinea,203
N21 road,Burkina Faso,200
N17 road,Burkina Faso,200
N18 road,Burkina Faso,200
N9 road,Guinea,200
Route nationale 32,Madagascar,200
C26 road (Namibia),Namibia,200
Garissa–Nuno–Modogashe–Wajir Road,Kenya,199
C16 road,Namibia,199
Route nationale 8,Madagascar,198
N27 road,Guinea,196
N31 road,Guinea,196
Yaounde - Douala Highway,Cameroon,196
R511 road,South Africa,192
C41 road (Namibia),Namibia,192
R53 road,South Africa,191
National route 18,Mali,191
C36 road (Namibia),Namibia,190
N17 road,Togo,188
Charruba–Timimi Road,Libya,186
Route nationale 7,Cameroon,185
C46 road (Namibia),Namibia,185
RN6,Benin,182
Route nationale 3a,Madagascar,180
B3 road,Namibia,179
RNIE 1,Benin,177
National route 4,Mali,176
N97 road,Algeria,173
Route nationale 11,Madagascar,173
N6 road,Burkina Faso,170
C23 road,Namibia,170
C25 road (Namibia),Namibia,170
Route nationale 17,Cameroon,168
C17 road,Namibia,168
C47 road (Namibia),Namibia,167
C31 road (Namibia),Namibia,166
C33 road,Namibia,165
National Road 9,Democratic Republic of the Congo,164
R52 road,South Africa,162
National route 10,Mali,162
Kabingo–Kasulu–Manyovu–Mugina Road,Tanzania,162
Kabingo–Kasulu–Manyovu–Mugina Road,Burundi,162
N21 road,Guinea,161
Route nationale 25,Madagascar,161
N5 road,Burkina Faso,160
C24 road (Namibia),Namibia,159
National route 3,Mali,158
National route 11,Mali,158
C21 road,Namibia,157
N7 road,Guinea,156
N6,Ghana,155.34
RNIE 4,Benin,155
C29 road (Namibia),Namibia,155
Route nationale 16,Cameroon,152
Route nationale 11a,Madagascar,151
N16 road,Burkina Faso,150
N7 road,Burkina Faso,150
Route nationale 1,Madagascar,149
RN10,Benin,148
R544 road,South Africa,140.9
Arusha–Holili–Taveta–Voi Road,Kenya,140
Route nationale 26,Mali,140
Arusha–Holili–Taveta–Voi Road,Tanzania,140
N22 road,Guinea,135
N18 road,Guinea,134
C37 road,Namibia,134
R51 road,South Africa,133
Route nationale 12,Cameroon,133
Route nationale 43,Madagascar,133
B15 road,Namibia,133
Karuma–Olwiyo–Pakwach–Nebbi–Arua Road,Uganda,133
Route nationale 18,Madagascar,132
N33 road,Guinea,130
Route nationale 31,Madagascar,129
Nyakahita–Kazo–Kamwenge–Fort Portal Road,Uganda,129
Soroti–Katakwi–Moroto–Lokitanyala Road,Uganda,129
C12 road,Namibia,129
National route 9,Mali,126
National Road 42,Democratic Republic of the Congo,126
Kampala–Hoima Road,Uganda,126
National route 13,Mali,125
N8 road,Guinea,125
National route 5,Mali,123
R359 road,South Africa,122
N9 road,Burkina Faso,120
Route nationale 23,Madagascar,120
Juba–Nimule Road,South Sudan,119
Route nationale 36,Madagascar,119
Route nationale 8a,Madagascar,119
Soroti–Amuria–Abim–Kotido Road,Uganda,119
C42 road (Namibia),Namibia,119
N17 road,Guinea,118
N26 road,Guinea,115
R303 road,South Africa,114
National route 8,Mali,112
A23 road,Kenya,110
N4,Ghana,110
R306 road,South Africa,110
Mubende–Kyegegwa–Kyenjojo–Fort Portal Road,Uganda,109
Ethiopian Highway 15,Ethiopia,108.6
Isebania–Kisii–Ahero Road,Kenya,107
N29 road,Guinea,107
RNIE 6,Benin,106
RNIE 5,Benin,106
Route nationale 3b,Madagascar,106
C49 road (Namibia),Namibia,105
Acholibur–Gulu–Olwiyo Road,Uganda,104
R308 road,South Africa,103
Elwak–Mandera Road,Kenya,100
Kisumu–Kakamega–Webuye–Kitale Road,Kenya,99
National Highway 5,Djibouti,99
Route nationale 17a,Madagascar,99
N10 road,Guinea,98
Route nationale 42,Madagascar,98
Tororo–Mbale–Soroti Road,Uganda,98
R316 road,South Africa,96
Masaka–Mbarara Road,Uganda,95.8
C32 road,Namibia,95
Route nationale 14,Madagascar,92
RN4,Benin,91
Route nationale 3,Madagascar,91
N24 road,Burkina Faso,90
National Road 34,Democratic Republic of the Congo,90
National Road 23,Democratic Republic of the Congo,90
Route nationale 3,Madagascar,90
IR1,Ghana,88.23
Route nationale 33a,Madagascar,86
N32 road,Guinea,85
Garsen–Witu–Lamu Highway,Kenya,84
N4 road,Guinea,84
Kigumba–Masindi–Hoima–Kabwoya Road,Uganda,84
Mpigi–Kabulasoke–Maddu–Sembabule Road,Uganda,84
Fort Portal–Kasese–Mpondwe Road,Uganda,83
N19 road,Togo,82
National Highway 11,Djibouti,82
Route nationale 16,Madagascar,81
Jinja–Iganga–Bugiri–Tororo Road,Uganda,81
Lagos–Abeokuta expressway,Nigeria,81
A10 road,Botswana,80.4
RN3,Benin,80
R54 road,South Africa,79.7
National route 12,Mali,79
N2 road,Guinea,79
Kampala–Masaka Road,Uganda,79
Route nationale 55,Madagascar,78
Mbarara–Ntungamo–Kabale–Katuna Road,Uganda,77.7
RN2,Benin,77
Soroti–Dokolo–Lira Road,Uganda,77
Koboko–Yumbe–Moyo Road,Uganda,75
A1 road,Namibia,74
N28 road,Guinea,71
Route nationale 31a,Madagascar,71
Muyembe–Nakapiripirit Road,Uganda,71
Tirinyi–Pallisa–Kamonkoli–Kumi Road,Uganda,70.1
R309 road,South Africa,70
Lemosho Route,Tanzania,70
EN1-ST01,Cape Verde,70
Route nationale 23a,Madagascar,70
Hoima–Butiaba–Wanseko Road,Uganda,69
R21 road,South Africa,67.6
R554 road,South Africa,67.6
RN9,Benin,67
Mubende–Kakumiro–Kibaale–Kagadi Road,Uganda,66.5
N12 road,Guinea,66
R304 road,South Africa,65
Gulu-Nimule Road,South Sudan,65
Fort Portal–Bundibugyo–Lamia Road,Uganda,65
Musita–Mayuge–Lumino–Majanji–Busia Road,Uganda,65
Atiak–Adjumani–Moyo–Afoji Road,Uganda,65
Gulu-Nimule Road,Uganda,65
Iganga–Tirinyi–Kamonkoli–Mbale Road,Uganda,64
Kyenjojo–Kabwoya Road,Uganda,64
N34 road,Togo,63
N15 road,Guinea,63
Kampala Outer Beltway,Uganda,63
Kabale–Kisoro–Bunagana Road,Uganda,62.5
R310 road,South Africa,61
R301 road,South Africa,60
N27 road,Togo,60
N38 road,Togo,60
National Highway 14,Djibouti,60
EN1-ST02,Cape Verde,60
R50 road,South Africa,59.7
Mukono–Kayunga–Njeru Road,Uganda,58.4
Moroto–Nakapiripirit Road,Uganda,58
R307 road,South Africa,57
N28 road,Togo,57
Vurra–Arua–Koboko–Oraba Road,Uganda,57
Hoima–Kaiso–Tonya Road,Uganda,57
N4 road,Togo,56
Masaka–Mutukula Road,Uganda,56
R311 road,South Africa,55
N36 road,Togo,55
R302 road,South Africa,54
RN5,Benin,54
National Highway 8,Djibouti,53
Kayunga–Galiraya Road,Uganda,53
Jinja–Kamuli–Mbulamuti Road,Uganda,53
N2 road,Togo,52
N24 road,Togo,52
N6 road,Togo,52
Route nationale 18,Cameroon,52
National Highway 6,Djibouti,51
Mityana–Mubende Road,Uganda,51
R566 road,South Africa,50.8
R326 road,South Africa,50
Route nationale 21,Madagascar,50
Lira–Kamdini–Karuma Road,Uganda,50
Kampala-Jinja Highway,Uganda,50
Rukungiri–Kihihi–Ishasha–Kanungu Road,Uganda,49
Iganga–Kaliro–Pallisa Road,Uganda,49
Suam–Endebess–Kitale–Eldoret Road,Kenya,48
Mityana–Bukuya–Kiboga Road,Uganda,48
Kapchorwa–Suam Road,Uganda,48
Kampala–Jinja Expressway,Uganda,47.9
Skukuza-Lower Sabie Road,South Africa,46
National route 14,Mali,46
Mukono–Kyetume–Katosi–Nyenga Road,Uganda,46
Mbarara-Kikagati Road,Uganda,46
Route nationale 24,Madagascar,45
Kikorongo–Ishaka Road,Uganda,45
Napi Road,South Africa,44.8
R55 route,South Africa,43.8
Route nationale 17,Madagascar,42
Rabat Ringroad,Morocco,41.7
R114 road,South Africa,41
H7 Road,South Africa,41
Route nationale 41,Madagascar,41
Suleja–Minna Road,Nigeria,40
Route nationale 20,Madagascar,39
Myanzi–Kassanda–Bukuya–Kiboga Road,Uganda,39
Kamdini–Gulu Road,Uganda,38.5
Route nationale 22,Madagascar,38
Mbarara–Ishaka Road,Uganda,38
A32 road,Botswana,37.7
Mariakani–Kaloleni–Mavueni Road,Kenya,37
Kampala–Mityana Road,Uganda,37
Route nationale 14,Cameroon,36
N14 road,Togo,35
N20 road,Togo,35
N21 road,Togo,35
N22 road,Togo,35
N39 road,Togo,35
N7 road,Togo,35
RN1,Benin,35
N14 road,Guinea,35
Kampala–Busunju Expressway,Uganda,35
N20 road,Guinea,33
Ntungamo–Rukungiri Road,Uganda,32
C48 road (Namibia),Namibia,32
Entebbe-Kampala Highway,Uganda,32
Buhimba–Nalweyo–Kakindu–Bulamagi Road,Uganda,32
Beyers Naudé Drive,South Africa,31
Doispane Road,South Africa,30
National Highway 13,Djibouti,30
Masaka–Villa Maria–Bukomansimbi–Sembabule Road,Uganda,30
M5 road,South Africa,28
Route nationale 30a,Madagascar,28
Bumbobi–Bubulo–Lwakhakha Road,Uganda,28
JKIA–Westlands Highway,Kenya,27
National Highway 16,Djibouti,27
N16 road,Guinea,26.2
Al-Balyana - Western Desert Road,Egypt,26
R305 road,South Africa,26
N16 road,Togo,26
N25 road,Togo,26
Route nationale 8b,Madagascar,26
Matugga-Kapeeka Road,Uganda,26
Bulamagi–Igayaza–Kakumiro Road,Uganda,26
N3,Ghana,25
Mahonie Loop,South Africa,25
EN3-FG05,Cape Verde,25
Route nationale 47,Madagascar,25
Kampala–Entebbe Road,Uganda,25
N5,Ghana,24.85
Route nationale 33b,Madagascar,24
M3 road,South Africa,23
Route nationale 45,Madagascar,23
Ntungamo–Mirama Hills Road,Uganda,23
M2 road,South Africa,22.9
M43 road,South Africa,22.3
Ishaka–Kagamba Road,Uganda,22.1
R300 road,South Africa,22
N18 road,Togo,22
N19 road,Guinea,22
Kampala–Mpigi Expressway,Uganda,22
Gayaza-Ziroobwe Road,Uganda,21
Kampala–Bombo Expressway,Uganda,20.1
National Highway 2,Djibouti,20
Route nationale 46,Madagascar,19
Route nationale 59b,Madagascar,19
Mityana–Sekanyonyi–Busunju Road,Uganda,19
M1 road,South Africa,18.5
Malibongwe Drive,South Africa,18
EN1-SL01,Cape Verde,18
Luweero–Butalangu Road,Uganda,18
Corniche,Egypt,17
Route nationale 30,Madagascar,17
Route nationale 58a,Madagascar,16
M17 road,South Africa,15.9
N30 road,Togo,15
N35 road,Togo,15
National Highway 3,Djibouti,15
National Highway 12,Djibouti,15
EN1-ST06,Cape Verde,15
Route nationale 60,Madagascar,15
Route nationale 53,Madagascar,15
Ziroobwe–Wobulenzi Road,Uganda,15
Mbarara Northern Bypass Road,Uganda,14.5
B11 road,Namibia,14
Kampala Northern Bypass Highway,Uganda,14
Wabigalo–Nakasongola–Sasira Road,Uganda,13
N12 Southern Bypass,South Africa,12.8
Dongo Kundu bypass,Kenya,11
N23 road,Togo,11
Route nationale 57,Madagascar,11
Kampala Southern Bypass Highway,Uganda,11
N37 road,Togo,10
N42 road,Togo,10
EN1-ST03,Cape Verde,10
Plaine Champagne Road,Mauritius,9.2
Kampala–Gayaza Road,Uganda,9
route nationale 65,Madagascar,8.2
Route nationale 54,Madagascar,8
Rabat Ring Road 2,Morocco,8
Jan Smuts Avenue,South Africa,7.75
National Highway 4,Djibouti,7
EN1-ST05,Cape Verde,7
Route nationale 58b,Madagascar,7
Route nationale 52,Madagascar,6
Louis Botha Avenue,South Africa,5.75
Route nationale 51,Madagascar,5
Route nationale 59a,Madagascar,4
Gates of Paradise Pass,Lesotho,3.7
Route nationale 26,Madagascar,3
Route nationale 56,Madagascar,3
route nationale 2b,Madagascar,2
