cityLabel,year,population
Alexandria,1986-11-17T00:00:00Z,2926859
Alexandria,1996-11-19T00:00:00Z,3297959
Alexandria,2006-11-11T00:00:00Z,4028028
Alexandria,2012-01-01T00:00:00Z,4532174
Alexandria,2013-01-01T00:00:00Z,4546231
Alexandria,2016-01-01T00:00:00Z,4870000
Alexandria,2017-07-01T00:00:00Z,5039975
Ifrano,1994-01-01T00:00:00Z,11209
Ifrano,2004-01-01T00:00:00Z,13074
Ifrano,2014-01-01T00:00:00Z,14659
Ifrano,2024-01-01T00:00:00Z,13964
San Antonio de Palé,2001-01-01T00:00:00Z,5008
Cacheu,2009-01-01T00:00:00Z,5674
Edéa,1976-04-09T00:00:00Z,25398
Edéa,1987-04-10T00:00:00Z,50609
Edéa,2005-11-11T00:00:00Z,66581
Edéa,2012-01-01T00:00:00Z,73128
Quthing,2004-01-01T00:00:00Z,15000
Ras el Ma,1994-01-01T00:00:00Z,10678
Ras el Ma,2004-01-01T00:00:00Z,9888
Ras el Ma,2014-01-01T00:00:00Z,7580
Ras el Ma,2024-01-01T00:00:00Z,7527
Bumba,2010-01-01T00:00:00Z,103328
Cacuaco,2019-01-01T00:00:00Z,1279488
Naivasha,1999-01-01T00:00:00Z,14563
Kisii,1999-01-01T00:00:00Z,37531
Kisii,2019-01-01T00:00:00Z,112417
Homa Bay,1999-01-01T00:00:00Z,32174
Sefrou,1994-01-01T00:00:00Z,54163
Sefrou,2004-01-01T00:00:00Z,64006
Sefrou,2014-01-01T00:00:00Z,79887
Sefrou,2024-01-01T00:00:00Z,86903
Gabela,2014-01-01T00:00:00Z,116903
Torit,2008-01-01T00:00:00Z,17957
Nuweiba,2006-11-01T00:00:00Z,2898
Gaoua,1985-01-01T00:00:00Z,10657
Gaoua,1996-01-01T00:00:00Z,16424
Gaoua,2006-01-01T00:00:00Z,25104
Gaoua,2019-01-01T00:00:00Z,45189
Kolda,1988-01-01T00:00:00Z,34337
Kolda,2002-01-01T00:00:00Z,53921
Kolda,2007-01-01T00:00:00Z,62258
Chibuto,2009-01-01T00:00:00Z,58012
Mafeteng,2005-01-01T00:00:00Z,57059
Mokhotlong,2005-01-01T00:00:00Z,8809
Lobamba,2003-01-01T00:00:00Z,5800
Djanet,2008-01-01T00:00:00Z,14655
Lira,2014-01-01T00:00:00Z,99059
Lira,2020-01-01T00:00:00Z,116500
Gabu,1979-04-16T00:00:00Z,7803
Gabu,2009-03-01T00:00:00Z,43556
Marrakesh,2004-01-01T00:00:00Z,823124
Marrakesh,2014-01-01T00:00:00Z,928850
Marrakesh,2020-01-01T00:00:00Z,966987
Marrakesh,2024-01-01T00:00:00Z,1002697
Niangoloko,1985-01-01T00:00:00Z,7950
Niangoloko,1996-01-01T00:00:00Z,12824
Niangoloko,2006-01-01T00:00:00Z,22310
Niangoloko,2019-01-01T00:00:00Z,33500
Ruyigi,2008-01-01T00:00:00Z,7139
Yafran,2007-01-01T00:00:00Z,72662
Aného,2022-01-01T00:00:00Z,28238
Mendefera,2005-01-01T00:00:00Z,28492
Rufisque,1976-04-16T00:00:00Z,60403
Rufisque,1988-05-27T00:00:00Z,142340
Rufisque,2002-12-08T00:00:00Z,143281
Rufisque,2013-01-01T00:00:00Z,221066
Podor,1988-01-01T00:00:00Z,7469
Podor,2002-01-01T00:00:00Z,9472
Podor,2013-01-01T00:00:00Z,11608
Marondera,2002-01-01T00:00:00Z,52283
Mumias,2009-01-01T00:00:00Z,99987
Isiolo,2009-01-01T00:00:00Z,45989
Labé,2007-01-01T00:00:00Z,107695
Port Mathurin,2008-01-01T00:00:00Z,5929
Chivhu,2007-01-01T00:00:00Z,10263
Chavuma,2010-10-16T00:00:00Z,4652
Chokwe,2017-01-01T00:00:00Z,63695
Taibe,1970-12-31T00:00:00Z,11500
Taibe,1971-12-31T00:00:00Z,12000
Taibe,1972-05-20T00:00:00Z,11700
Taibe,1973-12-31T00:00:00Z,12700
Taibe,1974-12-31T00:00:00Z,13500
Taibe,1975-12-31T00:00:00Z,14000
Taibe,1976-12-31T00:00:00Z,14400
Taibe,1977-12-31T00:00:00Z,14900
Taibe,1978-12-31T00:00:00Z,15400
Taibe,1979-12-31T00:00:00Z,15900
Taibe,1980-12-31T00:00:00Z,16300
Taibe,1981-12-31T00:00:00Z,16800
Taibe,1982-12-31T00:00:00Z,17200
Taibe,1983-06-04T00:00:00Z,17200
Taibe,1984-12-31T00:00:00Z,18100
Taibe,1985-12-31T00:00:00Z,18600
Taibe,1986-12-31T00:00:00Z,19000
Taibe,1987-12-31T00:00:00Z,19500
Taibe,1988-12-31T00:00:00Z,20000
Taibe,1989-12-31T00:00:00Z,20600
Taibe,1990-12-31T00:00:00Z,21200
Taibe,1991-12-31T00:00:00Z,21800
Taibe,1992-12-31T00:00:00Z,22300
Taibe,1993-12-31T00:00:00Z,23000
Taibe,1994-12-31T00:00:00Z,23800
Taibe,1995-12-31T00:00:00Z,24443
Taibe,1996-12-31T00:00:00Z,25268
Taibe,1997-12-31T00:00:00Z,26056
Taibe,1998-12-31T00:00:00Z,26957
Taibe,1999-12-31T00:00:00Z,27800
Taibe,2000-12-31T00:00:00Z,28680
Taibe,2001-12-31T00:00:00Z,29595
Taibe,2002-12-31T00:00:00Z,30400
Taibe,2003-12-31T00:00:00Z,31200
Taibe,2004-12-31T00:00:00Z,32100
Taibe,2005-12-31T00:00:00Z,33000
Taibe,2006-12-31T00:00:00Z,33900
Taibe,2007-12-31T00:00:00Z,34800
Taibe,2008-12-27T00:00:00Z,35700
Taibe,2009-12-31T00:00:00Z,36500
Taibe,2010-12-31T00:00:00Z,37300
Taibe,2011-12-31T00:00:00Z,38200
Taibe,2012-12-31T00:00:00Z,38100
Taibe,2013-12-31T00:00:00Z,39600
Taibe,2014-12-31T00:00:00Z,40200
Taibe,2015-01-01T00:00:00Z,40941
Taibe,2015-12-31T00:00:00Z,40900
Taibe,2016-12-31T00:00:00Z,41600
Taibe,2017-12-31T00:00:00Z,42400
Taibe,2018-12-31T00:00:00Z,43100
Farim,2009-01-01T00:00:00Z,46268
Oyo,2012-01-01T00:00:00Z,386723
Jalingo,2016-01-01T00:00:00Z,660213
Ikeja,2015-01-01T00:00:00Z,861300
Kariba,2002-01-01T00:00:00Z,24210
Korogwe,2002-01-01T00:00:00Z,44000
Songo,2007-01-01T00:00:00Z,36523
Abengourou,1975-04-30T00:00:00Z,30028
Abengourou,1988-03-01T00:00:00Z,58974
Abengourou,1998-12-20T00:00:00Z,79509
Abengourou,2010-01-01T00:00:00Z,144074
Abengourou,2021-01-01T00:00:00Z,164424
Khemisset,1994-01-01T00:00:00Z,88839
Khemisset,2004-01-01T00:00:00Z,105088
Khemisset,2014-01-01T00:00:00Z,131542
Khemisset,2024-01-01T00:00:00Z,125834
Centre de Flacq,2011-01-01T00:00:00Z,15791
Asaba,2023-01-01T00:00:00Z,149603
Tepi,2007-01-01T00:00:00Z,24829
Debarq,2007-01-01T00:00:00Z,20839
Koumra,2010-01-01T00:00:00Z,39852
Chibombo,2010-10-16T00:00:00Z,4310
Chinsali,1990-08-20T00:00:00Z,7509
Chinsali,2000-10-20T00:00:00Z,11507
Chinsali,2010-10-16T00:00:00Z,15198
Chinsali,2013-01-01T00:00:00Z,18288
Matola,2017-01-01T00:00:00Z,1032197
Siguiri,2014-01-01T00:00:00Z,183875
Dabola,2014-01-01T00:00:00Z,38617
Al Mokattam,2024-01-01T00:00:00Z,242009
Grand-Lahou,2014-05-15T00:00:00Z,28470
Mwanza,1978-08-26T00:00:00Z,110553
Mwanza,1988-08-28T00:00:00Z,172287
Mwanza,2002-01-01T00:00:00Z,385810
Mwanza,2012-08-26T00:00:00Z,706453
Oumé,2021-01-01T00:00:00Z,127153
Mapai,2005-01-01T00:00:00Z,19932
Welkite,2007-01-01T00:00:00Z,28866
Agaro,2007-01-01T00:00:00Z,25458
Bakoumba,2003-12-01T00:00:00Z,2197
Bakoumba,2013-10-01T00:00:00Z,4045
Dar El Salam,2024-01-01T00:00:00Z,567517
Sotouboua,2022-01-01T00:00:00Z,32464
Sharuna,2006-11-11T00:00:00Z,22221
Ciudad de la Paz,2022-01-01T00:00:00Z,2000
Impfondo,2007-01-01T00:00:00Z,33911
Impfondo,2018-01-01T00:00:00Z,39653
Sumbawanga,2002-01-01T00:00:00Z,147483
Togo Wuchale,2007-01-01T00:00:00Z,14438
Koupéla,1985-01-01T00:00:00Z,9619
Koupéla,1996-01-01T00:00:00Z,17619
Koupéla,2006-01-01T00:00:00Z,28151
Koupéla,2019-01-01T00:00:00Z,45900
Polokwane Ext 44,2011-01-01T00:00:00Z,11928
Ain Aouda,1994-01-01T00:00:00Z,13708
Ain Aouda,2004-01-01T00:00:00Z,25105
Ain Aouda,2014-01-01T00:00:00Z,49816
Ain Aouda,2024-01-01T00:00:00Z,98502
Degehabur,2007-01-01T00:00:00Z,30027
Kantè,2023-01-01T00:00:00Z,15313
kpélé-adéta,2022-01-01T00:00:00Z,15146
City of Cape Town,2001-10-09T00:00:00Z,2892243
City of Cape Town,2011-10-09T00:00:00Z,3740026
City of Cape Town,2016-03-06T00:00:00Z,4005016
Catió,1979-04-16T00:00:00Z,5170
Catió,2009-01-01T00:00:00Z,5081
Man,2021-01-01T00:00:00Z,241969
Hwange,1992-01-01T00:00:00Z,42581
Kaga-Bandoro,2003-01-01T00:00:00Z,24661
Al-Jamāliyah,2013-01-01T00:00:00Z,38908
New Cairo,2023-01-01T00:00:00Z,1500000
New Minya,2006-01-01T00:00:00Z,208
New Minya,2021-01-01T00:00:00Z,17470
New Borg El Arab,2022-01-01T00:00:00Z,170000
New Beni Suef City,2019-01-01T00:00:00Z,105000
Al Ibrāhīmīyah,2006-01-01T00:00:00Z,32167
Turki,2004-01-01T00:00:00Z,3661
Lubango,2014-01-01T00:00:00Z,776249
Lubango,2019-01-01T00:00:00Z,903564
New Damietta,2006-01-01T00:00:00Z,27028
Musturud,2006-11-11T00:00:00Z,106280
Ginchi,2007-01-01T00:00:00Z,18134
Nanyuki,1999-01-01T00:00:00Z,31577
Manyinga,2010-01-01T00:00:00Z,12760
Dome,2007-01-01T00:00:00Z,56655
Dania,2021-01-01T00:00:00Z,106612
Samannud,2006-11-11T00:00:00Z,57177
Gqeberha,2011-01-01T00:00:00Z,312392
Keur Massar Nord,2023-01-01T00:00:00Z,224765
Bui,2007-01-01T00:00:00Z,6966
Tora,2007-01-01T00:00:00Z,9167
Tangier,2014-01-01T00:00:00Z,947952
Tangier,2024-01-01T00:00:00Z,1275428
Ambo,2007-01-01T00:00:00Z,48171
Hadero,2007-01-01T00:00:00Z,17831
Duékoué,2021-01-01T00:00:00Z,220953
Dembo,2005-01-01T00:00:00Z,2284
Adzopé,2021-01-01T00:00:00Z,156488
Sinfra,2021-01-01T00:00:00Z,137210
Vavoua,1998-01-01T00:00:00Z,286182
Vavoua,2014-05-15T00:00:00Z,67096
Vavoua,2021-01-01T00:00:00Z,132528
Wacha,2007-01-01T00:00:00Z,10499
Tarcha,2007-01-01T00:00:00Z,9080
Jorf,1994-01-01T00:00:00Z,12143
Jorf,2004-01-01T00:00:00Z,12135
Jorf,2014-01-01T00:00:00Z,12302
Jorf,2024-01-01T00:00:00Z,11865
Makamba,2008-01-01T00:00:00Z,9396
Gimbichu,2007-01-01T00:00:00Z,8556
Ruhango,2012-01-01T00:00:00Z,17051
Q129871284,2023-01-01T00:00:00Z,105362
Q129909528,2023-01-01T00:00:00Z,71036
Cap Malheureux,2011-01-01T00:00:00Z,5070
Luxor,1986-11-17T00:00:00Z,126160
Luxor,1996-11-19T00:00:00Z,153758
Luxor,2006-11-11T00:00:00Z,202232
Harad,2007-01-01T00:00:00Z,9359
Oran,2008-04-14T00:00:00Z,803329
Oran,2010-01-01T00:00:00Z,852000
Bare,2007-01-01T00:00:00Z,8117
Skhirat,1994-01-01T00:00:00Z,29599
Skhirat,2004-01-01T00:00:00Z,43025
Skhirat,2014-01-01T00:00:00Z,59775
Skhirat,2024-01-01T00:00:00Z,122705
Port Said,1986-11-17T00:00:00Z,401172
Port Said,1996-11-19T00:00:00Z,472331
Port Said,2004-01-01T00:00:00Z,529684
Port Said,2006-11-11T00:00:00Z,570603
Port Said,2010-01-01T00:00:00Z,524433
Suez,2010-01-01T00:00:00Z,516959
Monze,1974-01-01T00:00:00Z,5100
Monze,1990-08-20T00:00:00Z,15910
Monze,2000-10-20T00:00:00Z,24603
Monze,2010-10-16T00:00:00Z,39752
Monze,2013-01-01T00:00:00Z,46876
Mansôa,2008-01-01T00:00:00Z,7376
Liwonde,2018-01-01T00:00:00Z,36421
Gikongoro,2012-01-01T00:00:00Z,16695
Fayed,1996-11-19T00:00:00Z,15652
Fayed,2006-11-11T00:00:00Z,21808
Kom Ombo,1986-11-17T00:00:00Z,52506
Kom Ombo,1996-11-19T00:00:00Z,62301
Kom Ombo,2006-11-11T00:00:00Z,71596
Mango,2022-01-01T00:00:00Z,34791
Victoria Falls,2012-01-01T00:00:00Z,33060
São Filipe,2010-01-01T00:00:00Z,8122
Zagazig,1986-11-17T00:00:00Z,244354
Zagazig,1996-11-19T00:00:00Z,267469
Zagazig,2006-11-11T00:00:00Z,302840
Zagazig,2017-07-01T00:00:00Z,383703
Ras Gharib,2006-11-11T00:00:00Z,100000
Oranjemund,2011-01-01T00:00:00Z,3900
Selebi-Phikwe,2011-01-01T00:00:00Z,49724
Farafra Town,2006-11-11T00:00:00Z,3470
Mut,2006-11-11T00:00:00Z,19616
Siwa Town,2006-11-11T00:00:00Z,13202
Maamba,1990-08-20T00:00:00Z,8817
Maamba,2000-10-20T00:00:00Z,10415
Maamba,2010-10-16T00:00:00Z,14322
Fraita,1994-01-01T00:00:00Z,10222
Fraita,2004-01-01T00:00:00Z,10555
Fraita,2014-01-01T00:00:00Z,11298
Fraita,2024-01-01T00:00:00Z,10721
Zaio,1994-01-01T00:00:00Z,25920
Zaio,2004-01-01T00:00:00Z,29851
Zaio,2014-01-01T00:00:00Z,35806
Zaio,2024-01-01T00:00:00Z,36766
Kisangani,2012-01-01T00:00:00Z,935977
Kisangani,2022-01-01T00:00:00Z,1366000
Keta,2012-01-01T00:00:00Z,22739
Zaria,2006-01-01T00:00:00Z,408198
Jilib,2007-01-01T00:00:00Z,45000
Danané,2021-01-01T00:00:00Z,131586
Ndindi,2003-12-01T00:00:00Z,1239
Ndindi,2013-10-01T00:00:00Z,1110
Tanga,1978-01-01T00:00:00Z,103399
Tanga,1988-01-01T00:00:00Z,137364
Tanga,2001-01-01T00:00:00Z,200000
Tanga,2002-01-01T00:00:00Z,172557
Tanga,2005-01-01T00:00:00Z,224891
Tanga,2012-01-01T00:00:00Z,221127
Divo,2014-01-01T00:00:00Z,179455
Divo,2021-01-01T00:00:00Z,294559
Singida,1978-08-26T00:00:00Z,29258
Singida,1988-08-28T00:00:00Z,39598
Singida,2002-08-01T00:00:00Z,57904
Singida,2012-01-01T00:00:00Z,85242
Singida,2022-08-23T00:00:00Z,165492
Gourcy,1985-01-01T00:00:00Z,14401
Gourcy,1996-01-01T00:00:00Z,16317
Gourcy,2006-01-01T00:00:00Z,24616
Gourcy,2019-01-01T00:00:00Z,40144
Guiglo,2021-01-01T00:00:00Z,171454
Kasulu,2017-01-01T00:00:00Z,234452
Gwanda,2004-01-01T00:00:00Z,14450
Garoua,2005-01-01T00:00:00Z,235996
Garoua,2020-01-01T00:00:00Z,1750000
Soubré,2021-01-01T00:00:00Z,272773
Dabou,2021-01-01T00:00:00Z,138083
Bouaflé,2021-01-01T00:00:00Z,213967
Lüderitz,2011-01-01T00:00:00Z,12537
Keetmanshoop,2010-01-01T00:00:00Z,16800
Keetmanshoop,2011-01-01T00:00:00Z,18900
Bailundo,2014-01-01T00:00:00Z,294494
Kebri Beyah,2007-01-01T00:00:00Z,11481
Kongoussi,1985-01-01T00:00:00Z,6578
Kongoussi,1996-01-01T00:00:00Z,17893
Kongoussi,2006-01-01T00:00:00Z,25172
Kongoussi,2019-01-01T00:00:00Z,53641
Port Loko,2016-01-01T00:00:00Z,44900
Temara,1994-01-01T00:00:00Z,130793
Temara,2004-01-01T00:00:00Z,225497
Temara,2014-01-01T00:00:00Z,313510
Temara,2024-01-01T00:00:00Z,297098
Trindade,2005-01-01T00:00:00Z,6636
El Oued,2008-01-01T00:00:00Z,134699
Khenchela,2008-01-01T00:00:00Z,108580
Bobonong,2022-01-01T00:00:00Z,21216
Djibo,1985-01-01T00:00:00Z,16082
Djibo,1996-01-01T00:00:00Z,20080
Djibo,2006-01-01T00:00:00Z,28990
Djibo,2019-01-01T00:00:00Z,61456
Jaxaay-Parcelles-Niakoul Rab,2013-01-01T00:00:00Z,41570
Zavala,2007-01-01T00:00:00Z,10391
Gitega,1990-01-01T00:00:00Z,20708
Gitega,2008-01-01T00:00:00Z,41944
Gitega,2020-01-01T00:00:00Z,135467
Mupandawana,2015-01-01T00:00:00Z,5409
Mbombela,2011-01-01T00:00:00Z,58670
Agadir,1982-09-03T00:00:00Z,132387
Agadir,1994-01-01T00:00:00Z,254865
Agadir,2004-01-01T00:00:00Z,346106
Agadir,2014-01-01T00:00:00Z,421844
Agadir,2023-07-01T00:00:00Z,538000
Agadir,2024-01-01T00:00:00Z,504768
Palapye,2011-01-01T00:00:00Z,36211
Molepolole,2001-01-01T00:00:00Z,54561
Molepolole,2011-01-01T00:00:00Z,67598
Maun,2012-01-01T00:00:00Z,57067
Marsabit,2012-01-01T00:00:00Z,17127
Kamsar,1996-01-01T00:00:00Z,68999
Oued Zem,1994-01-01T00:00:00Z,73953
Oued Zem,2004-01-01T00:00:00Z,83970
Oued Zem,2014-01-01T00:00:00Z,95267
Oued Zem,2024-01-01T00:00:00Z,93776
Kawambwa,2010-01-01T00:00:00Z,15953
Khorixas,2001-01-01T00:00:00Z,10906
Khorixas,2011-01-01T00:00:00Z,6796
Khorixas,2023-01-01T00:00:00Z,9371
Sibut,2003-01-01T00:00:00Z,22419
Outapi,2005-01-01T00:00:00Z,4606
Toamasina,2010-01-01T00:00:00Z,225116
Mao,2008-01-01T00:00:00Z,19004
Meknes,1982-01-01T00:00:00Z,319783
Meknes,1994-01-01T00:00:00Z,393791
Meknes,2004-01-01T00:00:00Z,469169
Meknes,2014-01-01T00:00:00Z,520428
Meknes,2023-07-01T00:00:00Z,601000
Meknes,2024-01-01T00:00:00Z,551503
Teseney,2004-01-01T00:00:00Z,3753
Ile Ife,2003-01-01T00:00:00Z,501952
Omdurman,2009-01-01T00:00:00Z,2395159
Omdurman,2012-01-01T00:00:00Z,2805396
Qus,2006-11-11T00:00:00Z,60068
Qus,2021-07-01T00:00:00Z,84386
Tobruk,2011-01-01T00:00:00Z,135832
Maghagha,1986-11-17T00:00:00Z,50916
Maghagha,1996-11-19T00:00:00Z,60405
Maghagha,2006-11-11T00:00:00Z,75657
Loum,1976-04-09T00:00:00Z,26754
Loum,1987-04-10T00:00:00Z,28465
Loum,2005-11-11T00:00:00Z,37537
Loum,2012-01-01T00:00:00Z,47305
Kano,1990-01-01T00:00:00Z,2095000
Kano,2000-01-01T00:00:00Z,2602000
Kano,2007-01-01T00:00:00Z,3848885
Kano,2019-01-01T00:00:00Z,3999000
Kano,2022-01-01T00:00:00Z,4348000
Ibadan,2006-01-01T00:00:00Z,2550593
Safi,1994-01-01T00:00:00Z,262276
Safi,2004-01-01T00:00:00Z,284750
Safi,2014-01-01T00:00:00Z,308508
Safi,2024-01-01T00:00:00Z,323888
Nouadhibou,2000-11-01T00:00:00Z,72337
Nouadhibou,2013-03-25T00:00:00Z,118000
Zeghanghane,1994-01-01T00:00:00Z,19012
Zeghanghane,2004-01-01T00:00:00Z,20181
Zeghanghane,2014-01-01T00:00:00Z,34025
Zeghanghane,2024-01-01T00:00:00Z,31431
Tlemcen,1987-01-01T00:00:00Z,146000
Tlemcen,2008-01-01T00:00:00Z,173531
Tlemcen,2008-01-01T00:00:00Z,173500
Laï,1993-01-01T00:00:00Z,14272
Laï,2007-01-01T00:00:00Z,20261
Gagnoa,2021-01-01T00:00:00Z,277044
Titao,1996-01-01T00:00:00Z,13976
Titao,2006-01-01T00:00:00Z,19131
Titao,2019-01-01T00:00:00Z,48242
Embu,1999-01-01T00:00:00Z,41092
Livingstone,1974-01-01T00:00:00Z,58000
Livingstone,1990-01-01T00:00:00Z,76875
Livingstone,2000-01-01T00:00:00Z,97488
Livingstone,2010-01-01T00:00:00Z,136897
Livingstone,2022-01-01T00:00:00Z,177393
Hurghada,1986-11-17T00:00:00Z,22801
Hurghada,1996-11-19T00:00:00Z,60085
Hurghada,2023-01-01T00:00:00Z,214247
Constantine,1977-01-01T00:00:00Z,345566
Constantine,1987-01-01T00:00:00Z,443727
Constantine,1998-01-01T00:00:00Z,462187
Constantine,2007-01-01T00:00:00Z,442862
Constantine,2008-01-01T00:00:00Z,448374
Constantine,2012-01-01T00:00:00Z,465138
Nouaceur,1994-01-01T00:00:00Z,9989
Nouaceur,2004-01-01T00:00:00Z,12696
Nouaceur,2014-01-01T00:00:00Z,23802
Nouaceur,2024-01-01T00:00:00Z,36326
Blantyre,1977-01-01T00:00:00Z,219011
Blantyre,1988-01-01T00:00:00Z,478155
Blantyre,2008-01-01T00:00:00Z,732518
Blantyre,2012-01-01T00:00:00Z,1895973
Blantyre,2018-01-01T00:00:00Z,800264
Mamfe,2017-01-01T00:00:00Z,36500
Kütahya,2018-01-01T00:00:00Z,266784
Damietta,1986-11-17T00:00:00Z,89069
Damietta,1996-11-19T00:00:00Z,78265
Damietta,2006-11-11T00:00:00Z,206664
Karnak,2006-11-01T00:00:00Z,26488
Bizerte,2004-01-01T00:00:00Z,114371
Bizerte,2007-01-01T00:00:00Z,117126
Bizerte,2009-01-01T00:00:00Z,119243
Bizerte,2011-01-01T00:00:00Z,121483
Bizerte,2013-01-01T00:00:00Z,126491
Bizerte,2014-01-01T00:00:00Z,142966
Harar,2015-01-01T00:00:00Z,129000
Berbera,2007-01-01T00:00:00Z,263000
Sabratha,2004-01-01T00:00:00Z,102038
Bulawayo,2012-01-01T00:00:00Z,653337
Bulawayo,2022-01-01T00:00:00Z,665940
Dire Dawa,2015-01-01T00:00:00Z,277000
Oujda,1982-09-03T00:00:00Z,260082
Oujda,1994-01-01T00:00:00Z,357278
Oujda,2004-01-01T00:00:00Z,400738
Oujda,2014-01-01T00:00:00Z,494252
Oujda,2019-01-01T00:00:00Z,558000
Oujda,2023-07-01T00:00:00Z,614000
Oujda,2024-01-01T00:00:00Z,506224
Mahmoudiyah,2006-01-01T00:00:00Z,28277
Kibaha,2002-01-01T00:00:00Z,23050
Nefasit,2000-01-01T00:00:00Z,8600
Ben Slimane,1994-01-01T00:00:00Z,36977
Ben Slimane,2004-01-01T00:00:00Z,46478
Ben Slimane,2014-01-01T00:00:00Z,57101
Ben Slimane,2024-01-01T00:00:00Z,67317
Ruwa,2002-01-01T00:00:00Z,22038
Errachidia,1994-01-01T00:00:00Z,62542
Errachidia,2004-01-01T00:00:00Z,76759
Errachidia,2014-01-01T00:00:00Z,92374
Errachidia,2024-01-01T00:00:00Z,97687
Médéa,2008-01-01T00:00:00Z,138355
Evinayong,1983-01-01T00:00:00Z,3170
Evinayong,2001-01-01T00:00:00Z,7997
Evinayong,2005-01-01T00:00:00Z,8462
Evinayong,2012-01-01T00:00:00Z,9155
Port Fuad,2006-11-11T00:00:00Z,70417
Uyo,2016-01-01T00:00:00Z,429900
Tibati,2005-01-01T00:00:00Z,72081
Muyinga,2008-01-01T00:00:00Z,9609
Niamtougou,2005-01-01T00:00:00Z,22986
Niamtougou,2023-01-01T00:00:00Z,27132
Bubanza,2008-01-01T00:00:00Z,20031
Aba,1991-11-26T00:00:00Z,500183
Aba,2006-03-21T00:00:00Z,795000
Aba,2022-03-21T00:00:00Z,1160000
Ziguinchor,1976-01-01T00:00:00Z,69646
Ziguinchor,1988-01-01T00:00:00Z,124283
Ziguinchor,2002-01-01T00:00:00Z,153269
Ziguinchor,2013-01-01T00:00:00Z,205294
Faiyum,2006-11-11T00:00:00Z,315940
Faiyum,2018-07-01T00:00:00Z,489377
Faiyum,2021-07-01T00:00:00Z,519047
Umuahia,2006-01-01T00:00:00Z,359230
Zinder,1977-01-01T00:00:00Z,53914
Zinder,1988-01-01T00:00:00Z,119827
Zinder,2001-01-01T00:00:00Z,170574
Zinder,2012-01-01T00:00:00Z,235605
Goma Nord Kivu,2005-01-01T00:00:00Z,249862
Goma Nord Kivu,2024-01-01T00:00:00Z,781875
El Alamein,2006-11-11T00:00:00Z,2413
Kananga,2017-01-01T00:00:00Z,1971704
Tamanrasset,2008-01-01T00:00:00Z,92635
Abeokuta,2010-01-01T00:00:00Z,801282
Abeokuta,2012-01-01T00:00:00Z,888924
Zliten,2011-01-01T00:00:00Z,200
Huambo,2014-01-01T00:00:00Z,665564
Huambo,2019-01-01T00:00:00Z,844000
Surman,2023-01-01T00:00:00Z,100707
Agboville,2021-01-01T00:00:00Z,135082
Kaduna,2006-01-01T00:00:00Z,760084
Monastir,2014-01-01T00:00:00Z,93306
Aïn Beïda,2008-01-01T00:00:00Z,116064
Nkayi,2007-01-01T00:00:00Z,71620
Nkayi,2018-01-01T00:00:00Z,100783
Sidi Kacem,1994-01-01T00:00:00Z,67622
Sidi Kacem,2004-01-01T00:00:00Z,74062
Sidi Kacem,2014-01-01T00:00:00Z,75672
Sidi Kacem,2024-01-01T00:00:00Z,75037
Ghat,2011-01-01T00:00:00Z,22000
Beira,1970-01-01T00:00:00Z,113770
Beira,1980-01-01T00:00:00Z,230744
Beira,1984-01-01T00:00:00Z,350000
Beira,1986-01-01T00:00:00Z,246000
Beira,1997-01-01T00:00:00Z,397368
Beira,2005-01-01T00:00:00Z,530700
Beira,2007-01-01T00:00:00Z,436240
Beira,2008-01-01T00:00:00Z,439264
Beira,2017-01-01T00:00:00Z,533825
Beira,2019-01-01T00:00:00Z,530604
Entebbe,2014-01-01T00:00:00Z,69958
Benguela,2014-01-01T00:00:00Z,561775
Thyolo,2008-01-01T00:00:00Z,7029
Kisumu,2009-01-01T00:00:00Z,409928
Rîbnița,2004-01-01T00:00:00Z,56988
Kabwe,1974-01-01T00:00:00Z,98000
Kabwe,1990-08-20T00:00:00Z,154318
Kabwe,2000-10-20T00:00:00Z,176758
Kabwe,2010-10-16T00:00:00Z,202360
Kabwe,2022-01-01T00:00:00Z,299206
Essaouira,1994-01-01T00:00:00Z,56074
Essaouira,2004-01-01T00:00:00Z,69493
Essaouira,2004-01-01T00:00:00Z,70000
Essaouira,2014-01-01T00:00:00Z,77966
Essaouira,2024-01-01T00:00:00Z,82962
Blida,1983-01-01T00:00:00Z,191000
Blida,1987-01-01T00:00:00Z,131600
Blida,2005-01-01T00:00:00Z,162000
Blida,2008-01-01T00:00:00Z,163586
Tamale,1970-01-01T00:00:00Z,83653
Tamale,1984-01-01T00:00:00Z,135952
Tamale,2000-01-01T00:00:00Z,202317
Tamale,2010-01-01T00:00:00Z,371351
Tamale,2016-01-01T00:00:00Z,466723
Tamale,2021-01-01T00:00:00Z,2310939
Tamale,2022-01-01T00:00:00Z,701000
Tamale,2023-01-01T00:00:00Z,729768
Ismailia,1986-11-17T00:00:00Z,158045
Ismailia,1996-11-19T00:00:00Z,255134
Ismailia,2006-11-11T00:00:00Z,293184
Ismailia,2021-01-01T00:00:00Z,429465
Soweto,2011-01-01T00:00:00Z,1271628
Savé,2013-01-01T00:00:00Z,31444
Gondar,1984-01-01T00:00:00Z,80886
Gondar,1994-01-01T00:00:00Z,112249
Gondar,2007-01-01T00:00:00Z,207044
Gondar,2015-01-01T00:00:00Z,323900
Irgalem,2007-01-01T00:00:00Z,30348
Vohemar,2001-01-01T00:00:00Z,15000
Zomba,2008-01-01T00:00:00Z,101140
Berrechid,1994-01-01T00:00:00Z,54781
Berrechid,2004-01-01T00:00:00Z,89830
Berrechid,2014-01-01T00:00:00Z,136634
Berrechid,2024-01-01T00:00:00Z,168687
El Jadida,1994-01-01T00:00:00Z,119083
El Jadida,2004-01-01T00:00:00Z,144440
El Jadida,2014-01-01T00:00:00Z,194934
El Jadida,2024-01-01T00:00:00Z,237464
Ndola,2010-01-01T00:00:00Z,455194
Ndola,2012-01-01T00:00:00Z,517975
Ndola,2013-01-01T00:00:00Z,528330
Ndola,2018-01-01T00:00:00Z,451246
Ndola,2022-01-01T00:00:00Z,624579
Ndola,2022-01-01T00:00:00Z,624579
Malakal,2014-01-01T00:00:00Z,147450
Walvis Bay,2011-01-01T00:00:00Z,85000
El-Balyana,1996-11-19T00:00:00Z,39911
El-Balyana,2006-11-11T00:00:00Z,46997
Souillac,2000-01-01T00:00:00Z,4154
Chelghoum Laïd,2008-01-01T00:00:00Z,82560
Moçâmedes,2014-01-01T00:00:00Z,255000
Zanzibar City,1983-01-01T00:00:00Z,125000
Zanzibar City,1998-01-01T00:00:00Z,158000
Zanzibar City,2002-01-01T00:00:00Z,205870
Zanzibar City,2012-01-01T00:00:00Z,501459
Zanzibar City,2020-01-01T00:00:00Z,403700
Zanzibar City,2022-08-23T00:00:00Z,709809
Tiko,1976-04-09T00:00:00Z,14810
Tiko,1987-04-10T00:00:00Z,23559
Tiko,2005-11-11T00:00:00Z,60796
Tiko,2012-01-01T00:00:00Z,78885
Mansoura,1986-11-17T00:00:00Z,317508
Mansoura,1996-11-19T00:00:00Z,369409
Mansoura,2021-07-01T00:00:00Z,621953
Bobo-Dioulasso,1985-01-01T00:00:00Z,228668
Bobo-Dioulasso,1996-01-01T00:00:00Z,309711
Bobo-Dioulasso,2006-01-01T00:00:00Z,489967
Bobo-Dioulasso,2013-01-01T00:00:00Z,555128
Bobo-Dioulasso,2019-01-01T00:00:00Z,903887
Lobito,2014-01-01T00:00:00Z,393079
Lobito,2018-01-01T00:00:00Z,436467
Pointe-Noire,2010-01-01T00:00:00Z,787799
Pointe-Noire,2018-01-01T00:00:00Z,1006611
Pointe-Noire,2023-01-01T00:00:00Z,1420612
Mombasa,1979-01-01T00:00:00Z,341148
Mombasa,1989-01-01T00:00:00Z,461753
Mombasa,1999-01-01T00:00:00Z,665018
Mombasa,2009-01-01T00:00:00Z,939370
Mombasa,2014-01-01T00:00:00Z,1300000
Mombasa,2016-01-01T00:00:00Z,1200000
Mombasa,2019-01-01T00:00:00Z,1208333
Chinde,1980-01-01T00:00:00Z,16500
Jerada,1994-01-01T00:00:00Z,59367
Jerada,2004-01-01T00:00:00Z,43916
Jerada,2014-01-01T00:00:00Z,43506
Jerada,2024-01-01T00:00:00Z,41014
Skikda,2008-01-01T00:00:00Z,163318
Ben Ahmed,1994-01-01T00:00:00Z,19135
Ben Ahmed,2004-01-01T00:00:00Z,21361
Ben Ahmed,2014-01-01T00:00:00Z,33105
Ben Ahmed,2024-01-01T00:00:00Z,33469
Bouskoura,1994-01-01T00:00:00Z,22818
Bouskoura,2004-01-01T00:00:00Z,92259
Bouskoura,2014-01-01T00:00:00Z,103026
Bouskoura,2024-01-01T00:00:00Z,200359
Bogo,2005-01-01T00:00:00Z,95230
Kayanza,2008-01-01T00:00:00Z,21767
Touba,2021-01-01T00:00:00Z,55013
Zuwara,2004-01-01T00:00:00Z,80310
Lakota,2021-01-01T00:00:00Z,169330
Taourirt,1994-01-01T00:00:00Z,57956
Taourirt,2004-01-01T00:00:00Z,80024
Taourirt,2021-01-01T00:00:00Z,321876
Taourirt,2024-01-01T00:00:00Z,100402
Guercif,1994-01-01T00:00:00Z,41997
Guercif,2004-01-01T00:00:00Z,57307
Guercif,2014-01-01T00:00:00Z,90880
Guercif,2024-01-01T00:00:00Z,80703
Sidi Slimane,1994-01-01T00:00:00Z,69645
Sidi Slimane,2004-01-01T00:00:00Z,78060
Sidi Slimane,2014-01-01T00:00:00Z,92989
Sidi Slimane,2024-01-01T00:00:00Z,95114
Moussoro,2009-01-01T00:00:00Z,16349
Ksar es-Seghir,1994-01-01T00:00:00Z,8818
Ksar es-Seghir,2004-01-01T00:00:00Z,10995
Ksar es-Seghir,2014-01-01T00:00:00Z,12997
Ksar es-Seghir,2024-01-01T00:00:00Z,17125
Ait Melloul,1994-01-01T00:00:00Z,82825
Ait Melloul,2004-01-01T00:00:00Z,130370
Ait Melloul,2014-01-01T00:00:00Z,171847
Ait Melloul,2024-01-01T00:00:00Z,210870
Arish,2012-01-01T00:00:00Z,164830
Edfu,2012-11-11T00:00:00Z,133772
Zefta,1986-11-17T00:00:00Z,69253
Zefta,1996-11-19T00:00:00Z,80864
Zefta,2006-11-11T00:00:00Z,93740
Nakuru,2009-01-01T00:00:00Z,307990
Kitwe,2000-10-20T00:00:00Z,363734
Kitwe,2008-01-01T00:00:00Z,488400
Kitwe,2010-01-01T00:00:00Z,504194
Kitwe,2022-08-18T00:00:00Z,625000
Katiola,2014-05-15T00:00:00Z,40319
Katiola,2021-01-01T00:00:00Z,90641
Issia,2021-01-01T00:00:00Z,126252
Dundo,2014-01-01T00:00:00Z,177604
Abéché,2012-01-01T00:00:00Z,76492
Morogoro,2002-01-01T00:00:00Z,207000
Boumalne Dades,1994-01-01T00:00:00Z,9908
Boumalne Dades,2004-01-01T00:00:00Z,11179
Boumalne Dades,2014-01-01T00:00:00Z,12328
Boumalne Dades,2024-01-01T00:00:00Z,12391
Rosetta,1986-11-17T00:00:00Z,51789
Rosetta,1996-11-19T00:00:00Z,58322
Rosetta,2006-11-11T00:00:00Z,68947
Rosetta,2021-07-01T00:00:00Z,125778
Sétif,1977-01-01T00:00:00Z,130156
Sétif,1987-01-01T00:00:00Z,179384
Sétif,1998-01-01T00:00:00Z,232992
Sétif,2008-01-01T00:00:00Z,288461
Bani Walid,2008-01-01T00:00:00Z,50824
Kigoma,2007-01-01T00:00:00Z,135234
Mwaro,2008-01-01T00:00:00Z,2403
Rutana,2008-01-01T00:00:00Z,5865
Rwamagana,2012-01-01T00:00:00Z,18009
Ruhengeri,2022-01-01T00:00:00Z,135000
Dolisie,2007-01-01T00:00:00Z,83798
Dolisie,2018-01-01T00:00:00Z,117920
Tabou,2014-05-15T00:00:00Z,22733
Herakleopolis Magna,2006-11-11T00:00:00Z,40001
M'diq,1994-01-01T00:00:00Z,21093
M'diq,2004-01-01T00:00:00Z,36596
M'diq,2014-01-01T00:00:00Z,56227
M'diq,2024-01-01T00:00:00Z,67599
Tiflet,1994-01-01T00:00:00Z,49918
Tiflet,2004-01-01T00:00:00Z,69640
Tiflet,2014-01-01T00:00:00Z,86709
Tiflet,2024-01-01T00:00:00Z,103850
Wa,2010-01-01T00:00:00Z,107214
Adrar,1977-02-12T00:00:00Z,11956
Adrar,1987-03-20T00:00:00Z,28580
Adrar,1998-06-25T00:00:00Z,42732
Adrar,2008-04-14T00:00:00Z,68276
Mankono,2014-01-01T00:00:00Z,64330
Tabligbo,2022-01-01T00:00:00Z,36961
Ben Guerir,1994-01-01T00:00:00Z,47080
Ben Guerir,2004-01-01T00:00:00Z,62872
Ben Guerir,2014-01-01T00:00:00Z,88626
Ben Guerir,2024-01-01T00:00:00Z,114872
Taounate,1994-01-01T00:00:00Z,24378
Taounate,2004-01-01T00:00:00Z,32380
Taounate,2014-01-01T00:00:00Z,37616
Taounate,2024-01-01T00:00:00Z,39114
Kogo,1994-01-01T00:00:00Z,4607
Akonibe,2008-01-01T00:00:00Z,13382
Niefang,2005-01-01T00:00:00Z,4858
Niefang,2011-01-01T00:00:00Z,37273
Niefang,2014-01-01T00:00:00Z,41084
Mhlume,2006-01-01T00:00:00Z,7761
Dembi Dollo,2007-01-01T00:00:00Z,29448
Dogbo-Tota,2013-01-01T00:00:00Z,101870
Batu,2007-01-01T00:00:00Z,43660
Zouar,2009-01-01T00:00:00Z,6432
Mengomeyén,2012-01-01T00:00:00Z,15644
Bidjabidjan,2001-01-01T00:00:00Z,5167
Kikwit,2012-01-01T00:00:00Z,397737
Youssoufia,1994-01-01T00:00:00Z,60451
Youssoufia,2004-01-01T00:00:00Z,64518
Youssoufia,2014-01-01T00:00:00Z,67628
Youssoufia,2024-01-01T00:00:00Z,65669
Bandjoun,2012-01-01T00:00:00Z,6872
Kirundo,2008-01-01T00:00:00Z,10024
Oum Hadjer,2009-01-01T00:00:00Z,26136
Garango,1985-01-01T00:00:00Z,27242
Garango,1996-01-01T00:00:00Z,28291
Garango,2006-01-01T00:00:00Z,35015
Garango,2019-01-01T00:00:00Z,45150
Cankuzo,2008-01-01T00:00:00Z,3624
Shobra Elkhema,1986-11-17T00:00:00Z,714594
Shobra Elkhema,1996-11-19T00:00:00Z,870775
Shobra Elkhema,2006-11-11T00:00:00Z,1025569
Kindu,2012-01-01T00:00:00Z,172321
Nag Hammadi,1986-11-17T00:00:00Z,28493
Nag Hammadi,1996-11-19T00:00:00Z,33252
Nag Hammadi,2006-11-11T00:00:00Z,45038
Kismayo,2017-01-01T00:00:00Z,166667
Mokolo,1976-04-09T00:00:00Z,2069
Mokolo,1987-04-10T00:00:00Z,19602
Mokolo,2005-11-11T00:00:00Z,33335
Mokolo,2010-01-01T00:00:00Z,37000
Mokolo,2012-01-01T00:00:00Z,40168
Mbouda,1976-04-09T00:00:00Z,15069
Mbouda,1987-04-10T00:00:00Z,35912
Mbouda,2005-11-11T00:00:00Z,46071
Mbouda,2012-01-01T00:00:00Z,49313
Moshi,2012-01-01T00:00:00Z,184292
Tanta,1970-01-01T00:00:00Z,253600
Tanta,1976-01-01T00:00:00Z,285000
Tanta,1992-01-01T00:00:00Z,380000
Tanta,2001-01-01T00:00:00Z,400000
Tanta,2006-11-11T00:00:00Z,429503
São Domingos,2010-01-01T00:00:00Z,2818
Micomiseng,2005-01-01T00:00:00Z,5813
Añisok,2012-01-01T00:00:00Z,16626
Saint-Louis,2002-01-01T00:00:00Z,154555
Saint-Louis,2005-01-01T00:00:00Z,176000
Saint-Louis,2013-01-01T00:00:00Z,209752
Saint-Louis,2015-01-01T00:00:00Z,237563
Saint-Louis,2021-01-01T00:00:00Z,258592
Hosaena,2007-01-01T00:00:00Z,69995
Massawa,2006-01-01T00:00:00Z,39758
Babati,2002-01-01T00:00:00Z,30975
Tshikapa,2023-01-01T00:00:00Z,1006387
Djelfa,1998-06-25T00:00:00Z,158679
Djelfa,2008-01-01T00:00:00Z,265833
Selouane,1994-01-01T00:00:00Z,18334
Selouane,2004-01-01T00:00:00Z,24877
Selouane,2014-01-01T00:00:00Z,21570
Selouane,2024-01-01T00:00:00Z,29628
Adet,2005-01-01T00:00:00Z,21117
Halaba Kulito,2007-01-01T00:00:00Z,26867
Haramaya,2005-01-01T00:00:00Z,15317
Haramaya,2007-01-01T00:00:00Z,30728
Aleta Wendo,2007-01-01T00:00:00Z,22093
Aliyu Amba,2005-01-01T00:00:00Z,2873
Ferkessédougou,2021-01-01T00:00:00Z,160267
Bignona,1988-01-01T00:00:00Z,22237
Bignona,2002-01-01T00:00:00Z,25477
Bignona,2013-01-01T00:00:00Z,27826
El-Tod,2006-11-01T00:00:00Z,27357
Badou,2022-01-01T00:00:00Z,11503
Bako,2007-01-01T00:00:00Z,16445
Bati,2011-01-01T00:00:00Z,20536
Dschang,2012-01-01T00:00:00Z,76524
Bedele,2007-01-01T00:00:00Z,19517
Fkih Ben Saleh,1994-01-01T00:00:00Z,74697
Fkih Ben Saleh,2004-01-01T00:00:00Z,82446
Fkih Ben Saleh,2014-01-01T00:00:00Z,102019
Fkih Ben Saleh,2024-01-01T00:00:00Z,97380
Bichena,2011-01-01T00:00:00Z,19916
Bni Drar,1994-01-01T00:00:00Z,6663
Bni Drar,2004-01-01T00:00:00Z,8919
Bni Drar,2014-01-01T00:00:00Z,10934
Bni Drar,2024-01-01T00:00:00Z,10907
Bonon,2021-01-01T00:00:00Z,116871
Bonoua,2021-01-01T00:00:00Z,118388
Ícolo e Bengo,2006-01-01T00:00:00Z,59000
Boundiali,1975-04-30T00:00:00Z,9910
Boundiali,1988-03-01T00:00:00Z,22035
Boundiali,1998-12-20T00:00:00Z,27927
Boundiali,2014-05-15T00:00:00Z,39962
Boundiali,2021-01-01T00:00:00Z,92792
Bure,2011-01-01T00:00:00Z,25084
Butajira,2007-01-01T00:00:00Z,33406
Buyo,2014-05-15T00:00:00Z,25339
Buyo,2021-01-01T00:00:00Z,100848
Tômbwa,2014-01-01T00:00:00Z,54873
Waku-Kungo,2014-01-01T00:00:00Z,90000
Idku,2005-01-01T00:00:00Z,105875
Daoukro,2021-01-01T00:00:00Z,101136
Dembéni,2012-01-01T00:00:00Z,4723
Diamniadio,2002-01-01T00:00:00Z,10898
Diamniadio,2013-01-01T00:00:00Z,23547
Diamniadio,2023-01-01T00:00:00Z,47759
Kakamega,2009-01-01T00:00:00Z,91778
Durame,2007-01-01T00:00:00Z,24472
El Aioun Sidi Mellouk,1994-01-01T00:00:00Z,30789
El Aioun Sidi Mellouk,2004-01-01T00:00:00Z,34767
El Aioun Sidi Mellouk,2014-01-01T00:00:00Z,41832
El Aioun Sidi Mellouk,2024-01-01T00:00:00Z,40652
Fianga,2009-01-01T00:00:00Z,42606
Fiche,2007-01-01T00:00:00Z,27493
Gabiadji,2014-05-15T00:00:00Z,109933
Gabiadji,2021-01-01T00:00:00Z,113369
El-Obeid,1993-01-01T00:00:00Z,229425
El-Obeid,2013-01-01T00:00:00Z,418280
Gando,2022-01-01T00:00:00Z,16346
Oued Laou,1994-01-01T00:00:00Z,7575
Oued Laou,2004-01-01T00:00:00Z,8383
Oued Laou,2014-01-01T00:00:00Z,9665
Oued Laou,2024-01-01T00:00:00Z,11690
Gebre Guracha,2007-01-01T00:00:00Z,19872
Khartoum North,2006-01-01T00:00:00Z,900000
Khartoum North,2012-01-01T00:00:00Z,936349
Minya,1986-11-17T00:00:00Z,179060
Minya,1996-11-19T00:00:00Z,201440
Minya,2006-11-11T00:00:00Z,236043
Al Hoceima,1994-01-01T00:00:00Z,55216
Al Hoceima,2004-01-01T00:00:00Z,55357
Al Hoceima,2014-01-01T00:00:00Z,56716
Al Hoceima,2024-01-01T00:00:00Z,50225
Ghafsai,1994-01-01T00:00:00Z,4255
Ghafsai,2004-01-01T00:00:00Z,5492
Ghafsai,2014-01-01T00:00:00Z,6361
Ghafsai,2024-01-01T00:00:00Z,7117
Ginir,2007-01-01T00:00:00Z,17102
El-Quseir,2006-11-11T00:00:00Z,24344
El Quseyya,1996-11-19T00:00:00Z,55957
El Quseyya,2006-11-11T00:00:00Z,69388
Mitsamiouli,2012-01-01T00:00:00Z,7235
Goulmima,1994-01-01T00:00:00Z,14026
Goulmima,2004-01-01T00:00:00Z,16593
Goulmima,2014-01-01T00:00:00Z,16419
Goulmima,2024-01-01T00:00:00Z,14624
Al Qadarif,2005-01-01T00:00:00Z,354927
Goz Beïda,2009-01-01T00:00:00Z,66107
Grand-Zattry,2021-01-01T00:00:00Z,112049
Shalateen,2006-11-11T00:00:00Z,6731
Buea,2005-01-01T00:00:00Z,131325
"Guérin-Kouka, Dankpen",2022-01-01T00:00:00Z,20047
El Mahalla El Kubra,1986-11-17T00:00:00Z,306509
El Mahalla El Kubra,1996-11-19T00:00:00Z,394924
El Mahalla El Kubra,2006-11-11T00:00:00Z,442958
El Mahalla El Kubra,2021-07-01T00:00:00Z,592573
Harhoura,1994-01-01T00:00:00Z,6386
Harhoura,2004-01-01T00:00:00Z,9245
Harhoura,2014-01-01T00:00:00Z,59775
Harhoura,2014-01-01T00:00:00Z,15361
Harhoura,2024-01-01T00:00:00Z,20950
Biskra,2008-01-01T00:00:00Z,204661
Mitzic,2009-01-01T00:00:00Z,4926
Holeta Genet,2007-01-01T00:00:00Z,25593
Notsé,2022-01-01T00:00:00Z,49143
Metu,2007-01-01T00:00:00Z,28782
Segbana,2013-01-01T00:00:00Z,26440
Kabuga,2012-01-01T00:00:00Z,40202
Kalfou,2005-01-01T00:00:00Z,26223
Kanel,2013-01-01T00:00:00Z,12975
Mbuji-Mayi,1970-01-01T00:00:00Z,204923
Mbuji-Mayi,1984-01-01T00:00:00Z,486235
Mbuji-Mayi,1993-01-01T00:00:00Z,766684
Mbuji-Mayi,1999-01-01T00:00:00Z,1193891
Mbuji-Mayi,2004-01-01T00:00:00Z,1213726
Mbuji-Mayi,2010-01-01T00:00:00Z,1559073
Mbuji-Mayi,2016-01-01T00:00:00Z,1680991
Mbuji-Mayi,2017-01-01T00:00:00Z,2201000
Mbuji-Mayi,2023-01-01T00:00:00Z,2892000
Kobo,2007-01-01T00:00:00Z,24867
Benin City,2006-01-01T00:00:00Z,1147188
Benin City,2021-01-01T00:00:00Z,1780000
Bata,2012-01-01T00:00:00Z,250770
Bata,2015-01-01T00:00:00Z,290000
Eldoret,1999-01-01T00:00:00Z,193830
Eldoret,2009-01-01T00:00:00Z,289380
Namaacha,2005-01-01T00:00:00Z,29272
Linguère,2013-01-01T00:00:00Z,15482
Ovan,2003-12-01T00:00:00Z,3000
Ovan,2013-10-01T00:00:00Z,3382
Nampula,2017-01-01T00:00:00Z,743000
Damanhur,1986-11-17T00:00:00Z,188939
Damanhur,1996-11-19T00:00:00Z,209423
Damanhur,2006-11-11T00:00:00Z,244043
Kafr el-Sheikh,1986-11-17T00:00:00Z,103301
Kafr el-Sheikh,1996-11-19T00:00:00Z,124870
Kafr el-Sheikh,2006-11-11T00:00:00Z,147393
Malika,2013-01-01T00:00:00Z,32130
Malika,2023-01-01T00:00:00Z,56707
Tindouf,2008-01-01T00:00:00Z,45610
Marandallah,2014-01-01T00:00:00Z,36074
Mboro,1988-01-01T00:00:00Z,13542
Mboro,2002-01-01T00:00:00Z,11809
Mboro,2013-01-01T00:00:00Z,27693
Palma,1997-01-01T00:00:00Z,25627
Palma,2020-01-01T00:00:00Z,75000
Mek'ele,1984-01-01T00:00:00Z,61583
Mek'ele,1994-01-01T00:00:00Z,96938
Mek'ele,2005-07-28T00:00:00Z,215914
Mek'ele,2015-07-01T00:00:00Z,323700
Moundou,2008-01-01T00:00:00Z,142462
Méagui,2014-05-15T00:00:00Z,57367
Méagui,2021-01-01T00:00:00Z,153483
Naema,1994-01-01T00:00:00Z,1641
Naema,2004-01-01T00:00:00Z,1151
Naema,2014-01-01T00:00:00Z,1088
Naema,2024-01-01T00:00:00Z,1019
Ndioum,1976-01-01T00:00:00Z,4276
Ndioum,1988-01-01T00:00:00Z,3924
Ndioum,2002-01-01T00:00:00Z,12407
Ndioum,2013-01-01T00:00:00Z,14341
6th of October City,2006-01-01T00:00:00Z,154093
6th of October City,2023-01-01T00:00:00Z,376302
Kafr el-Dawwar,2017-01-01T00:00:00Z,104709
Qena,1986-11-17T00:00:00Z,119917
Qena,1996-11-19T00:00:00Z,155382
Qena,2006-11-11T00:00:00Z,201191
Benha,1986-11-17T00:00:00Z,115701
Benha,1996-11-19T00:00:00Z,135892
Benha,2006-11-11T00:00:00Z,157701
Mit Ghamr,2006-11-11T00:00:00Z,121039
Sarh,2008-01-01T00:00:00Z,108061
10th of Ramadan City,2015-01-01T00:00:00Z,250000
10th of Ramadan City,2018-01-01T00:00:00Z,500000
Batna,2013-01-01T00:00:00Z,290645
Pout,1976-01-01T00:00:00Z,7314
Pout,1988-01-01T00:00:00Z,10763
Pout,2002-01-01T00:00:00Z,16785
Pout,2013-01-01T00:00:00Z,23728
Pout,2023-01-01T00:00:00Z,29874
Akhmim,1986-11-17T00:00:00Z,70494
Akhmim,1996-11-19T00:00:00Z,84773
Akhmim,2006-11-11T00:00:00Z,101509
Robe,2007-01-01T00:00:00Z,44382
Rommani,1994-01-01T00:00:00Z,11433
Rommani,2004-01-01T00:00:00Z,12172
Rommani,2014-01-01T00:00:00Z,12297
Rommani,2024-01-01T00:00:00Z,11117
Dakhla,1994-01-01T00:00:00Z,29831
Dakhla,1994-01-01T00:00:00Z,29831
Dakhla,2004-01-01T00:00:00Z,58104
Dakhla,2004-01-01T00:00:00Z,58104
Dakhla,2014-01-01T00:00:00Z,106277
Dakhla,2014-01-01T00:00:00Z,106277
Dakhla,2024-01-01T00:00:00Z,165463
Dakhla,2024-01-01T00:00:00Z,165463
Sangalkam,2002-01-01T00:00:00Z,43015
Sangalkam,2013-01-01T00:00:00Z,11916
Sangalkam,2023-01-01T00:00:00Z,110958
Saraya,2013-01-01T00:00:00Z,2726
Sebeta,2007-01-01T00:00:00Z,49331
Sendafa,2007-01-01T00:00:00Z,12298
Shambu city,2007-01-01T00:00:00Z,14995
Shinshicho,2007-01-01T00:00:00Z,14285
Bouknadel,1994-01-01T00:00:00Z,31994
Bouknadel,2004-01-01T00:00:00Z,43593
Bouknadel,2014-01-01T00:00:00Z,25255
Bouknadel,2024-01-01T00:00:00Z,43598
Matai,1996-11-19T00:00:00Z,36953
Matai,2006-11-11T00:00:00Z,46903
Abutig,1986-11-17T00:00:00Z,48518
Abutig,1996-11-19T00:00:00Z,59474
Abutig,2006-11-11T00:00:00Z,70969
Uromi,1991-11-26T00:00:00Z,73569
Adama,2015-01-01T00:00:00Z,324000
Tighennif,2008-01-01T00:00:00Z,62210
Touissit,1994-01-01T00:00:00Z,4638
Touissit,2004-01-01T00:00:00Z,3429
Touissit,2014-01-01T00:00:00Z,3137
Touissit,2024-01-01T00:00:00Z,3066
Agnibilékrou,2014-05-15T00:00:00Z,48611
Agnibilékrou,2021-01-01T00:00:00Z,99501
Waliso,2007-01-01T00:00:00Z,37878
Welenchiti,2005-01-01T00:00:00Z,20984
Adi Keyh,2004-01-01T00:00:00Z,13061
Worabe,2007-01-01T00:00:00Z,9480
Adigrat,2013-01-01T00:00:00Z,76400
Yeumbeul Nord,2013-01-01T00:00:00Z,168379
Yeumbeul Nord,2023-01-01T00:00:00Z,204375
Yeumbeul Sud,2013-01-01T00:00:00Z,96956
Yeumbeul Sud,2023-01-01T00:00:00Z,108069
Ado Ekiti,2004-01-01T00:00:00Z,446749
Abo Qorqas,2006-11-11T00:00:00Z,63264
Noubarya,2006-01-01T00:00:00Z,4280
Deir Mawas,1996-11-19T00:00:00Z,33197
Deir Mawas,2006-11-11T00:00:00Z,40640
Lisala,2010-01-01T00:00:00Z,79235
Nekemte,2007-01-01T00:00:00Z,75219
Kadoma,2002-01-01T00:00:00Z,76173
Kadoma,2012-01-01T00:00:00Z,77749
Kadoma,2022-01-01T00:00:00Z,116300
Butha-Buthe,2004-01-01T00:00:00Z,10000
Djarkpanga,2022-01-01T00:00:00Z,8113
Jimma,2007-01-01T00:00:00Z,120960
Jimma,2015-01-01T00:00:00Z,177900
Nsang,2005-01-01T00:00:00Z,2122
اسيوط,1976-11-01T00:00:00Z,101758
اسيوط,1986-11-01T00:00:00Z,132965
اسيوط,1996-11-01T00:00:00Z,170125
اسيوط,2006-11-01T00:00:00Z,189695
اسيوط,2008-01-01T00:00:00Z,193931
Tete,2007-01-01T00:00:00Z,152909
Byumba,2012-01-01T00:00:00Z,34544
Byumba,2012-01-01T00:00:00Z,36401
Belbis,1986-11-17T00:00:00Z,96511
Belbis,1996-11-19T00:00:00Z,114343
Belbis,2006-11-01T00:00:00Z,141285
Mallawi,1986-11-17T00:00:00Z,98632
Mallawi,1996-11-19T00:00:00Z,119285
Mallawi,2006-11-11T00:00:00Z,139929
Mallawi,2018-07-01T00:00:00Z,190829
Mallawi,2021-07-01T00:00:00Z,212628
Mersa Matruh,2006-11-01T00:00:00Z,68339
Mersa Matruh,2006-11-11T00:00:00Z,108774
Beni Suef,1986-11-17T00:00:00Z,152476
Beni Suef,1996-11-19T00:00:00Z,171734
Beni Suef,2006-11-11T00:00:00Z,193048
Agogo,1970-03-01T00:00:00Z,14710
Agogo,1984-03-18T00:00:00Z,18879
Agogo,2000-03-26T00:00:00Z,28271
Agogo,2013-01-01T00:00:00Z,36797
Agordat,2004-01-01T00:00:00Z,8857
Desouk,2019-01-01T00:00:00Z,143404
Kwekwe,2002-01-01T00:00:00Z,93072
Gweru,2002-01-01T00:00:00Z,141260
Mutare,2022-01-01T00:00:00Z,224804
el-Kharga Town,2006-01-01T00:00:00Z,60584
al-Wasta,1996-11-19T00:00:00Z,30879
al-Wasta,2006-11-11T00:00:00Z,37916
Hadayek El Kobba,2024-01-01T00:00:00Z,341321
Kafr Saad,2006-01-01T00:00:00Z,22500
Zalingei,2009-01-01T00:00:00Z,27258
Obour City,2006-01-01T00:00:00Z,1436
Ajdir,1994-01-01T00:00:00Z,3669
Ajdir,2004-01-01T00:00:00Z,3987
Ajdir,2014-01-01T00:00:00Z,5314
Ajdir,2024-01-01T00:00:00Z,5630
Hihya,2017-01-01T00:00:00Z,66702
Sheikh Zayed City,2006-01-01T00:00:00Z,29422
Faraskur,1996-11-19T00:00:00Z,30697
Faraskur,2006-11-11T00:00:00Z,36850
Akure,2010-01-01T00:00:00Z,847903
Figuig,1994-01-01T00:00:00Z,14245
Figuig,2004-01-01T00:00:00Z,12577
Figuig,2014-01-01T00:00:00Z,10872
Figuig,2024-01-01T00:00:00Z,10449
Fatick,1988-01-01T00:00:00Z,18416
Fatick,2002-01-01T00:00:00Z,23149
Fatick,2013-01-01T00:00:00Z,28276
Chingola,1974-01-01T00:00:00Z,134000
Chingola,1990-08-20T00:00:00Z,142383
Chingola,2000-10-20T00:00:00Z,147448
Chingola,2010-01-01T00:00:00Z,185246
Chingola,2022-08-18T00:00:00Z,255000
Sidi Bennour,1971-01-01T00:00:00Z,11140
Sidi Bennour,1992-01-01T00:00:00Z,23429
Sidi Bennour,1994-01-01T00:00:00Z,34225
Sidi Bennour,2004-01-01T00:00:00Z,39593
Sidi Bennour,2014-01-01T00:00:00Z,55847
Sidi Bennour,2024-01-01T00:00:00Z,56201
Am Timan,2010-01-01T00:00:00Z,28885
Am Timan,2012-01-01T00:00:00Z,38261
Musumba,2007-01-01T00:00:00Z,96957
Inhambane,2007-01-01T00:00:00Z,63837
Cabinda,2008-01-01T00:00:00Z,357576
Cabinda,2009-01-01T00:00:00Z,377931
Cabinda,2014-01-01T00:00:00Z,550000
Cabinda,2018-01-01T00:00:00Z,699053
Cabinda,2020-01-01T00:00:00Z,739182
Franceville,1993-01-01T00:00:00Z,31183
Franceville,2010-01-01T00:00:00Z,42967
Franceville,2013-01-01T00:00:00Z,110568
Koudougou,1985-01-01T00:00:00Z,51529
Koudougou,1996-01-01T00:00:00Z,72490
Koudougou,2006-01-01T00:00:00Z,82720
Koudougou,2012-01-01T00:00:00Z,91981
Koudougou,2019-01-01T00:00:00Z,160207
Bahir Dar,2015-01-01T00:00:00Z,243300
Kenitra,1994-01-01T00:00:00Z,292453
Kenitra,2004-01-01T00:00:00Z,359142
Kenitra,2014-01-01T00:00:00Z,431282
Kenitra,2024-01-01T00:00:00Z,507736
Areka,2007-01-01T00:00:00Z,31408
Baris,2006-11-11T00:00:00Z,3890
Cova Figueira,2000-01-01T00:00:00Z,1370
Shone,2007-01-01T00:00:00Z,15616
Porto Inglês,2012-01-01T00:00:00Z,3056
Biba,1996-11-19T00:00:00Z,49516
Biba,2006-11-11T00:00:00Z,57716
Assomada,2010-06-16T00:00:00Z,12026
Pedra Badejo,2012-01-01T00:00:00Z,9530
Nova Sintra,2012-01-01T00:00:00Z,1049
Mindelo,2010-06-16T00:00:00Z,70468
Manzini,2005-01-01T00:00:00Z,110508
Santa Maria,2010-01-01T00:00:00Z,25779
Pemba,2007-01-01T00:00:00Z,141316
Espargos,2005-01-01T00:00:00Z,6173
M'banza-Kongo,2014-01-01T00:00:00Z,148000
Sal Rei,2012-01-01T00:00:00Z,6357
Port-Gentil,1993-07-31T00:00:00Z,79225
Port-Gentil,2003-12-01T00:00:00Z,105712
Port-Gentil,2013-01-01T00:00:00Z,136462
Mzuzu,2007-01-01T00:00:00Z,150100
Butare,2012-01-01T00:00:00Z,19937
Bouar,2003-01-01T00:00:00Z,40353
Butembo,2012-01-01T00:00:00Z,217625
Butembo,2024-01-01T00:00:00Z,154621
Mocuba,2008-01-01T00:00:00Z,69045
Aboisso,2021-01-01T00:00:00Z,100903
Carnot,2003-01-01T00:00:00Z,45421
Nola,2003-01-01T00:00:00Z,29181
Kitale,1999-01-01T00:00:00Z,63245
Edd,2004-01-01T00:00:00Z,11259
Maxixe,2007-01-01T00:00:00Z,108824
Mogolico,2012-01-01T00:00:00Z,7251
Tôlanaro,2018-01-01T00:00:00Z,67284
Murzuk,2005-01-01T00:00:00Z,43732
Murzuk,2008-01-01T00:00:00Z,47324
Bamenda,1976-04-09T00:00:00Z,48111
Bamenda,1987-04-10T00:00:00Z,112681
Bamenda,2005-11-01T00:00:00Z,269530
Bamenda,2012-01-01T00:00:00Z,348766
Nyanza,2012-01-01T00:00:00Z,25417
Asosa,2005-01-01T00:00:00Z,20226
El Badari,2006-01-01T00:00:00Z,42770
El Salahaia El Gadeda,2006-01-01T00:00:00Z,9350
Beni Ansar,1994-01-01T00:00:00Z,23897
Beni Ansar,2004-01-01T00:00:00Z,31800
Beni Ansar,2014-01-01T00:00:00Z,56582
Beni Ansar,2014-01-01T00:00:00Z,56562
Beni Ansar,2024-01-01T00:00:00Z,50508
Endibir,2007-01-01T00:00:00Z,6488
Berbérati,2003-01-01T00:00:00Z,76918
Bordj Bou Arréridj,2008-01-01T00:00:00Z,168346
Mascara,2008-01-01T00:00:00Z,108587
El Hiba,2006-11-11T00:00:00Z,16209
Ingoré,2009-03-01T00:00:00Z,8107
Manfalut,1986-11-17T00:00:00Z,52281
Manfalut,1996-11-19T00:00:00Z,65141
Manfalut,2006-11-11T00:00:00Z,82585
Ankober,2005-01-01T00:00:00Z,2288
Muramvya,2008-01-01T00:00:00Z,5458
Qutur,2006-01-01T00:00:00Z,24518
Kafr Shokr,2006-01-01T00:00:00Z,23390
Tiaret,2008-01-01T00:00:00Z,178915
Ouahigouya,1985-01-01T00:00:00Z,38902
Ouahigouya,1996-01-01T00:00:00Z,52193
Ouahigouya,2006-01-01T00:00:00Z,73153
Ouahigouya,2019-01-01T00:00:00Z,124580
Suakin,2009-01-01T00:00:00Z,43337
Suakin,2009-01-01T00:00:00Z,43337
Bissorã,2008-01-01T00:00:00Z,11964
Taza,1982-09-03T00:00:00Z,77216
Taza,1994-01-01T00:00:00Z,120971
Taza,2004-01-01T00:00:00Z,139686
Taza,2014-01-01T00:00:00Z,148456
Taza,2019-01-01T00:00:00Z,148406
Taza,2024-01-01T00:00:00Z,150763
Gulu,1980-01-18T00:00:00Z,14958
Gulu,1991-01-12T00:00:00Z,38297
Gulu,2002-09-13T00:00:00Z,119430
Gulu,2014-08-27T00:00:00Z,150306
Gulu,2020-07-01T00:00:00Z,177400
Grand-Bassam,2021-01-01T00:00:00Z,124567
Antsirabe,1975-06-01T00:00:00Z,78941
Antsirabe,1985-01-01T00:00:00Z,150000
Antsirabe,1986-01-01T00:00:00Z,91000
Antsirabe,1993-08-01T00:00:00Z,126062
Antsirabe,2005-01-01T00:00:00Z,176933
Antsirabe,2009-01-01T00:00:00Z,200804
Antsirabe,2011-01-01T00:00:00Z,225965
Antsirabe,2014-07-01T00:00:00Z,257163
Antsirabe,2018-01-01T00:00:00Z,265018
Owerri,2010-01-01T00:00:00Z,474750
Owerri,2016-01-01T00:00:00Z,1401873
Owerri,2021-01-01T00:00:00Z,908109
Redcliff,2002-01-01T00:00:00Z,32346
Sassandra,2014-05-15T00:00:00Z,26608
Kédougou,1988-01-01T00:00:00Z,11216
Kédougou,2002-01-01T00:00:00Z,16672
Kédougou,2013-01-01T00:00:00Z,30051
Ilorin,2007-01-01T00:00:00Z,847582
Mbaïki,2003-01-01T00:00:00Z,22166
Husseiniya,2006-01-01T00:00:00Z,30825
Bria,2003-01-01T00:00:00Z,35204
Harardhere,2005-01-01T00:00:00Z,65523
Boujdour,1994-01-01T00:00:00Z,15167
Boujdour,1994-01-01T00:00:00Z,15167
Boujdour,2004-01-01T00:00:00Z,36843
Boujdour,2004-01-01T00:00:00Z,36843
Boujdour,2014-01-01T00:00:00Z,42651
Boujdour,2014-01-01T00:00:00Z,42651
Boujdour,2024-01-01T00:00:00Z,57360
Boujdour,2024-01-01T00:00:00Z,57360
Daraw,1996-11-19T00:00:00Z,30732
Daraw,2006-11-11T00:00:00Z,38400
Gusau,2006-01-01T00:00:00Z,383162
Temsia,1994-01-01T00:00:00Z,15760
Temsia,2004-01-01T00:00:00Z,26385
Temsia,2014-01-01T00:00:00Z,40780
Temsia,2024-01-01T00:00:00Z,52663
Kasama,1974-01-01T00:00:00Z,16400
Kasama,1990-08-20T00:00:00Z,47653
Kasama,2000-10-20T00:00:00Z,74243
Kasama,2010-01-01T00:00:00Z,108828
Kasama,2022-01-01T00:00:00Z,158051
Masvingo,2022-01-01T00:00:00Z,1638528
Ouazzane,1994-01-01T00:00:00Z,52168
Ouazzane,2004-01-01T00:00:00Z,57972
Ouazzane,2014-01-01T00:00:00Z,59606
Ouazzane,2024-01-01T00:00:00Z,57737
Potchefstroom,2011-01-01T00:00:00Z,148804
Larache,1994-01-01T00:00:00Z,90400
Larache,2004-01-01T00:00:00Z,107371
Larache,2014-01-01T00:00:00Z,125008
Larache,2024-01-01T00:00:00Z,133731
Jacqueville,2014-05-15T00:00:00Z,32288
Jacqueville,2021-01-01T00:00:00Z,49694
Nakonde,2000-10-20T00:00:00Z,9332
Nakonde,2010-10-16T00:00:00Z,41836
Al Aaroui,1994-01-01T00:00:00Z,27049
Al Aaroui,2004-01-01T00:00:00Z,36021
Al Aaroui,2014-01-01T00:00:00Z,47599
Al Aaroui,2024-01-01T00:00:00Z,46540
Dambai,2010-01-01T00:00:00Z,83715
Quinhámel,2008-01-01T00:00:00Z,2887
Quinhámel,2009-01-01T00:00:00Z,42659
Kibuye,2012-01-01T00:00:00Z,12325
Bafilo,2023-01-01T00:00:00Z,23627
Luena,2014-01-01T00:00:00Z,357413
Dikhil,2012-01-01T00:00:00Z,35000
Malanje,2006-01-01T00:00:00Z,221785
Malanje,2014-01-01T00:00:00Z,455000
Malanje,2018-01-01T00:00:00Z,569474
Malanje,2019-01-01T00:00:00Z,587000
Malanje,2020-01-01T00:00:00Z,604215
Tenkodogo,1985-01-01T00:00:00Z,23331
Tenkodogo,1996-01-01T00:00:00Z,31466
Tenkodogo,2006-01-01T00:00:00Z,44491
Tenkodogo,2019-01-01T00:00:00Z,58600
Ghardaia,2005-01-01T00:00:00Z,120000
Esna,2006-11-11T00:00:00Z,68656
Ouésso,2007-01-01T00:00:00Z,28179
Ouésso,2018-01-01T00:00:00Z,39653
Sidi Ifni,1994-01-01T00:00:00Z,19722
Sidi Ifni,2004-01-01T00:00:00Z,20051
Sidi Ifni,2014-01-01T00:00:00Z,21618
Sidi Ifni,2024-01-01T00:00:00Z,22696
Kahama,2012-01-01T00:00:00Z,242208
Kahama,2017-01-01T00:00:00Z,36014
Kenema,2013-01-01T00:00:00Z,188463
Ondjiva,2014-01-01T00:00:00Z,121537
Lekoni,2003-12-01T00:00:00Z,5843
Lekoni,2013-10-01T00:00:00Z,7330
Mufulira,1990-08-20T00:00:00Z,123936
Mufulira,2000-10-20T00:00:00Z,122336
Mufulira,2007-01-01T00:00:00Z,125336
Mufulira,2010-10-16T00:00:00Z,151309
Mufulira,2022-01-01T00:00:00Z,182400
Chimoio,2007-01-01T00:00:00Z,238976
Béchar,2008-01-01T00:00:00Z,165627
Banfora,1985-01-01T00:00:00Z,35319
Banfora,1996-01-01T00:00:00Z,49724
Banfora,2006-01-01T00:00:00Z,75917
Banfora,2013-01-01T00:00:00Z,97137
Banfora,2019-01-01T00:00:00Z,117200
Triolet,1990-01-01T00:00:00Z,18772
Triolet,2000-01-01T00:00:00Z,21250
Triolet,2011-01-01T00:00:00Z,23386
Tabora,2002-01-01T00:00:00Z,127880
Mongu,1974-01-01T00:00:00Z,11900
Mongu,1980-01-01T00:00:00Z,24919
Mongu,1990-08-20T00:00:00Z,29302
Mongu,2000-10-20T00:00:00Z,44310
Mongu,2010-10-16T00:00:00Z,49818
Mongu,2013-01-01T00:00:00Z,81575
Mongu,2022-01-01T00:00:00Z,148972
Mtwara,2002-01-01T00:00:00Z,92602
Mohammedia,1994-01-01T00:00:00Z,170063
Mohammedia,2004-01-01T00:00:00Z,188619
Mohammedia,2014-01-01T00:00:00Z,208612
Mohammedia,2024-01-01T00:00:00Z,194358
Léo,2013-01-01T00:00:00Z,33717
Léo,2019-01-01T00:00:00Z,51746
Touba,2007-01-01T00:00:00Z,529176
Merca,2014-01-01T00:00:00Z,230100
Bertoua,2001-01-01T00:00:00Z,173000
Bertoua,2005-01-01T00:00:00Z,88462
Maradi,1977-01-01T00:00:00Z,44458
Maradi,1988-01-01T00:00:00Z,110005
Maradi,2001-01-01T00:00:00Z,147038
Maradi,2012-01-01T00:00:00Z,267249
Maradi,2013-01-01T00:00:00Z,191367
Lichinga,2007-01-01T00:00:00Z,142253
Bafang,1976-04-09T00:00:00Z,25714
Bafang,1987-04-10T00:00:00Z,38038
Bafang,2005-11-11T00:00:00Z,34941
Bafang,2012-01-01T00:00:00Z,33342
Muhanga,2012-01-01T00:00:00Z,319141
Batouri,2012-01-01T00:00:00Z,33594
Sodo,2023-01-01T00:00:00Z,213467
Chefchaouen,1994-01-01T00:00:00Z,31410
Chefchaouen,2004-01-01T00:00:00Z,35709
Chefchaouen,2014-01-01T00:00:00Z,42786
Chefchaouen,2024-01-01T00:00:00Z,46168
Masha,2007-01-01T00:00:00Z,6787
Massarah,2024-01-01T00:00:00Z,288880
Dimbokro,2021-01-01T00:00:00Z,70198
Hermonthis,1986-11-17T00:00:00Z,54616
Hermonthis,1996-11-19T00:00:00Z,65647
Hermonthis,2006-11-11T00:00:00Z,76457
Diofior,2002-01-01T00:00:00Z,8388
Diofior,2013-01-01T00:00:00Z,11312
Kassala,2008-01-01T00:00:00Z,419030
Kassala,2010-01-01T00:00:00Z,536009
Mutsamudu,2013-01-01T00:00:00Z,30000
Machakos,1999-01-01T00:00:00Z,114109
Kousséri,2010-01-01T00:00:00Z,101246
Okemesi,2006-01-01T00:00:00Z,56000
Qaha,2006-01-01T00:00:00Z,26694
Rahmaniya,2006-01-01T00:00:00Z,29393
Ras El Bar,2006-11-11T00:00:00Z,8635
Asilah,1994-01-01T00:00:00Z,24588
Asilah,2004-01-01T00:00:00Z,28217
Asilah,2014-01-01T00:00:00Z,31147
Asilah,2024-01-01T00:00:00Z,36039
Wajir,2019-01-01T00:00:00Z,90116
Ghinda,2004-01-01T00:00:00Z,11560
Kalemie,2012-01-01T00:00:00Z,146974
Atar,2013-01-01T00:00:00Z,24021
Asella,2007-01-01T00:00:00Z,67269
Bishoftu,2007-01-01T00:00:00Z,99928
Guéckédougou,1996-01-01T00:00:00Z,79140
Guéckédougou,2008-01-01T00:00:00Z,221715
Gode,2007-01-01T00:00:00Z,43234
Goba,2007-01-01T00:00:00Z,32025
Ngaoundéré,2001-01-01T00:00:00Z,189800
Girga,1986-11-17T00:00:00Z,71564
Girga,1996-11-19T00:00:00Z,89679
Girga,2006-11-11T00:00:00Z,102597
Dessie,2015-01-01T00:00:00Z,187900
Jijiga,2007-01-01T00:00:00Z,125876
Jijiga,2015-01-01T00:00:00Z,159300
Hawaasa,2015-01-01T00:00:00Z,300100
Ati,2000-01-01T00:00:00Z,20695
Taroudant,1994-01-01T00:00:00Z,57136
Taroudant,2004-01-01T00:00:00Z,69489
Taroudant,2014-01-01T00:00:00Z,80149
Taroudant,2024-01-01T00:00:00Z,83496
Chiro,2007-01-01T00:00:00Z,33670
Massenya,2009-01-01T00:00:00Z,3680
Kaya,1985-01-01T00:00:00Z,25814
Kaya,1996-01-01T00:00:00Z,33958
Kaya,2006-01-01T00:00:00Z,54365
Kaya,2019-01-01T00:00:00Z,122949
Oussouye,2002-01-01T00:00:00Z,4052
Oussouye,2013-01-01T00:00:00Z,4828
Tissemsilt,2008-01-01T00:00:00Z,75197
Boumerdès,2008-01-01T00:00:00Z,41685
El Taref,2008-01-01T00:00:00Z,25594
Helwan,2023-01-11T00:00:00Z,619293
Thaba-Tseka,2005-01-01T00:00:00Z,5423
Sumbe,2014-01-01T00:00:00Z,279968
Chinhoyi,2002-01-01T00:00:00Z,56794
Cyangugu,2012-01-01T00:00:00Z,27416
Aweil,2008-01-01T00:00:00Z,40054
Awka,2006-01-01T00:00:00Z,301657
Songea,2002-01-01T00:00:00Z,99961
Baboua,2003-01-01T00:00:00Z,6812
Bafatá,1979-04-16T00:00:00Z,13429
Bafatá,2008-01-01T00:00:00Z,22501
Bafatá,2009-03-01T00:00:00Z,29556
Bafia,2010-01-01T00:00:00Z,69270
Bafoussam,1976-04-09T00:00:00Z,62239
Bafoussam,1987-04-10T00:00:00Z,112681
Bafoussam,2024-01-01T00:00:00Z,480000
Balaka Township,2008-01-01T00:00:00Z,24000
Balat,2006-11-11T00:00:00Z,3794
Bambari,2003-01-01T00:00:00Z,41356
Bangassou,2003-01-01T00:00:00Z,31453
Fez,1971-01-01T00:00:00Z,325327
Fez,1982-01-01T00:00:00Z,448823
Fez,1994-01-01T00:00:00Z,772184
Fez,2004-01-01T00:00:00Z,946815
Fez,2012-01-01T00:00:00Z,1072468
Fez,2014-01-01T00:00:00Z,1112072
Fez,2024-01-01T00:00:00Z,1167842
Bassar,2010-01-01T00:00:00Z,23181
Bassar,2022-01-01T00:00:00Z,33156
Bauchi,2016-01-01T00:00:00Z,693700
Baía Farta,2014-01-01T00:00:00Z,107841
Beitbridge,2012-01-01T00:00:00Z,41767
Giza,1986-11-17T00:00:00Z,1883189
Giza,1996-11-19T00:00:00Z,2521197
Giza,2006-11-11T00:00:00Z,3021542
Giza,2020-12-12T00:00:00Z,5598402
Settat,1994-01-01T00:00:00Z,96217
Settat,2004-01-01T00:00:00Z,116570
Settat,2014-01-01T00:00:00Z,142250
Settat,2024-01-01T00:00:00Z,171556
Shinyanga,2010-01-01T00:00:00Z,107362
Maroua,1976-04-09T00:00:00Z,67187
Maroua,1987-04-10T00:00:00Z,123296
Maroua,2005-11-01T00:00:00Z,201371
Limbe,1976-04-09T00:00:00Z,26988
Limbe,1987-04-10T00:00:00Z,44561
Limbe,2005-11-01T00:00:00Z,84223
Tadjoura,2009-05-29T00:00:00Z,14820
Nador,1994-01-01T00:00:00Z,112450
Nador,2004-01-01T00:00:00Z,126207
Nador,2014-01-01T00:00:00Z,161726
Nador,2024-01-01T00:00:00Z,158202
Lindi,2002-01-01T00:00:00Z,41549
Gisenyi,2012-01-01T00:00:00Z,53603
Ongwediva,2010-01-01T00:00:00Z,10964
Sébikotane,1988-01-01T00:00:00Z,31101
Sébikotane,2002-01-01T00:00:00Z,18582
Sébikotane,2013-01-01T00:00:00Z,27402
Sébikotane,2023-01-01T00:00:00Z,42839
Guelmim,1994-01-01T00:00:00Z,72563
Guelmim,2004-01-01T00:00:00Z,95749
Guelmim,2014-01-01T00:00:00Z,118318
Guelmim,2024-01-01T00:00:00Z,126729
Smara,1994-01-01T00:00:00Z,28750
Smara,1994-01-01T00:00:00Z,28750
Smara,2004-01-01T00:00:00Z,40347
Smara,2004-01-01T00:00:00Z,40347
Smara,2014-01-01T00:00:00Z,57035
Smara,2014-01-01T00:00:00Z,57035
Smara,2024-01-01T00:00:00Z,56607
Smara,2024-01-01T00:00:00Z,56607
Ali Sabieh,2009-05-29T00:00:00Z,37939
Ali Sabieh,2012-01-01T00:00:00Z,71230
Teyateyaneng,2005-01-01T00:00:00Z,75115
Bo,2017-01-01T00:00:00Z,233684
Sokodé,2022-01-01T00:00:00Z,115442
Garissa,1999-01-01T00:00:00Z,65881
Musoma,2002-01-01T00:00:00Z,103497
Kaolack,2002-01-01T00:00:00Z,172305
Mostaganem,2008-01-01T00:00:00Z,145696
Chlef,2008-01-01T00:00:00Z,155134
Nyala,1993-01-01T00:00:00Z,227183
Nyala,2008-04-22T00:00:00Z,492984
Onitsha,2006-01-01T00:00:00Z,561066
Onitsha,2021-01-01T00:00:00Z,1483000
Sidi Bel Abbès,2008-01-01T00:00:00Z,212935
Ouargla,2008-01-01T00:00:00Z,133024
Touggourt,2008-01-01T00:00:00Z,143270
Touggourt,2008-01-01T00:00:00Z,39409
Luanshya,1990-08-20T00:00:00Z,118143
Luanshya,2000-10-20T00:00:00Z,115579
Luanshya,2008-01-01T00:00:00Z,117579
Luanshya,2010-10-16T00:00:00Z,130076
Luanshya,2022-01-01T00:00:00Z,147400
Serowe,2011-01-01T00:00:00Z,47447
Chipata (Fort Jameson),1974-01-01T00:00:00Z,16600
Chipata (Fort Jameson),1990-08-20T00:00:00Z,52213
Chipata (Fort Jameson),2000-10-20T00:00:00Z,73110
Chipata (Fort Jameson),2010-10-16T00:00:00Z,116627
Chipata (Fort Jameson),2022-01-01T00:00:00Z,141800
Obock,2012-01-01T00:00:00Z,21200
Bindura,2007-01-01T00:00:00Z,40233
Bindura,2013-01-01T00:00:00Z,46275
Bingerville,2021-01-01T00:00:00Z,204656
Katima Mulilo,2012-01-01T00:00:00Z,28699
Gharyan,2010-01-01T00:00:00Z,39561
Gharyan,2011-01-01T00:00:00Z,187854
Taba,2006-11-11T00:00:00Z,800
El-Tor,2006-11-11T00:00:00Z,12733
Solwezi,1990-08-20T00:00:00Z,23435
Solwezi,2000-10-20T00:00:00Z,38121
Solwezi,2010-10-16T00:00:00Z,90856
Mariental,2011-01-01T00:00:00Z,12478
Bol,2009-01-01T00:00:00Z,11700
Bondoukou,2021-01-01T00:00:00Z,141568
Bongor,2010-01-01T00:00:00Z,27770
Borama,2013-01-01T00:00:00Z,68074
Bor,2010-01-01T00:00:00Z,315351
Bor,2010-01-01T00:00:00Z,315351
Bossangoa,2003-01-01T00:00:00Z,36478
Bossangoa,2005-01-01T00:00:00Z,37780
Boujad,1994-01-01T00:00:00Z,33321
Boujad,2004-01-01T00:00:00Z,40513
Boujad,2014-01-01T00:00:00Z,46893
Boujad,2024-01-01T00:00:00Z,47209
Bozoum,2003-01-01T00:00:00Z,20665
Dila,2007-01-01T00:00:00Z,59150
Ebolowa,1976-04-09T00:00:00Z,18239
Ebolowa,1987-04-10T00:00:00Z,34771
Ebolowa,2005-11-11T00:00:00Z,64980
Ebolowa,2012-01-01T00:00:00Z,76885
Diourbel,2007-01-01T00:00:00Z,100445
Ebibeyin,2012-01-01T00:00:00Z,36565
Moyamba,2004-01-01T00:00:00Z,11485
Goundi,2009-01-01T00:00:00Z,73141
Ngozi,2008-01-01T00:00:00Z,39884
Meru,1999-01-01T00:00:00Z,42677
Dédougou,1985-01-01T00:00:00Z,21049
Dédougou,1996-01-01T00:00:00Z,33815
Dédougou,2006-01-01T00:00:00Z,38862
Dédougou,2019-01-01T00:00:00Z,63617
Qift,1996-11-19T00:00:00Z,17918
Qift,2006-11-11T00:00:00Z,22063
Tan-Tan,1994-01-01T00:00:00Z,45821
Tan-Tan,2004-01-01T00:00:00Z,60698
Tan-Tan,2014-01-01T00:00:00Z,73209
Tan-Tan,2024-01-01T00:00:00Z,76134
Katsina,2006-01-01T00:00:00Z,318459
Blitta,2022-01-01T00:00:00Z,10915
Yako,1985-01-01T00:00:00Z,14155
Yako,1996-01-01T00:00:00Z,18472
Yako,2006-01-01T00:00:00Z,22685
Yako,2019-01-01T00:00:00Z,38689
Burao,2015-01-01T00:00:00Z,350211
Samalut,1986-11-17T00:00:00Z,62404
Samalut,1996-11-19T00:00:00Z,75437
Samalut,2006-11-11T00:00:00Z,91475
Menouf,2019-01-01T00:00:00Z,117240
Beni Mazar,1986-11-17T00:00:00Z,47982
Beni Mazar,1996-11-19T00:00:00Z,52690
Beni Mazar,2006-11-11T00:00:00Z,79553
Séguéla,1975-04-30T00:00:00Z,12692
Séguéla,1988-03-01T00:00:00Z,29157
Séguéla,1998-12-20T00:00:00Z,43027
Séguéla,2012-01-01T00:00:00Z,67240
Séguéla,2014-05-15T00:00:00Z,46189
Séguéla,2021-01-01T00:00:00Z,103980
Caxito,2014-01-01T00:00:00Z,77276
Naqada,1996-11-19T00:00:00Z,18905
Naqada,2006-01-01T00:00:00Z,21530
Naqada,2006-11-11T00:00:00Z,21530
Lqliâa,1994-01-01T00:00:00Z,17921
Lqliâa,2004-01-01T00:00:00Z,47837
Lqliâa,2014-01-01T00:00:00Z,83235
Lqliâa,2024-01-01T00:00:00Z,107133
Abnub,1996-11-19T00:00:00Z,56480
Abnub,2006-11-11T00:00:00Z,67526
Abnub,2020-07-01T00:00:00Z,108858
Bonga,2007-01-01T00:00:00Z,20858
Tambacounda,1988-01-01T00:00:00Z,41885
Tambacounda,2002-01-01T00:00:00Z,67543
Tambacounda,2007-01-01T00:00:00Z,78800
Mbini,1994-01-01T00:00:00Z,14034
Tébessa,2008-01-01T00:00:00Z,194461
Luba,2012-01-01T00:00:00Z,7739
Koulamoutou,1993-07-31T00:00:00Z,11773
Koulamoutou,2003-12-01T00:00:00Z,16270
Koulamoutou,2013-10-01T00:00:00Z,25651
Oshakati,2010-01-01T00:00:00Z,39679
Korhogo,1975-01-01T00:00:00Z,45250
Korhogo,1988-01-01T00:00:00Z,109655
Korhogo,1998-01-01T00:00:00Z,142039
Korhogo,2012-01-01T00:00:00Z,225547
Korhogo,2014-01-01T00:00:00Z,286071
Korhogo,2021-01-01T00:00:00Z,440926
N'dalatando,2014-01-01T00:00:00Z,161584
Safaga,2006-11-11T00:00:00Z,28261
Gimbi,2007-01-01T00:00:00Z,30981
Khenifra,1994-01-01T00:00:00Z,60835
Khenifra,2004-01-01T00:00:00Z,72672
Khenifra,2014-01-01T00:00:00Z,117510
Khenifra,2024-01-01T00:00:00Z,123738
Fada N’Gourma,1985-01-01T00:00:00Z,20857
Fada N’Gourma,1996-01-01T00:00:00Z,29254
Fada N’Gourma,2006-01-01T00:00:00Z,41785
Fada N’Gourma,2019-01-01T00:00:00Z,73200
Bururi,2008-01-01T00:00:00Z,4478
Mampong,2024-01-01T00:00:00Z,42037
Otjiwarongo,2001-01-01T00:00:00Z,19614
Otjiwarongo,2011-01-01T00:00:00Z,28249
Chililabombwe,1974-01-01T00:00:00Z,56000
Chililabombwe,1990-08-20T00:00:00Z,48055
Chililabombwe,2000-10-20T00:00:00Z,54504
Chililabombwe,2010-10-16T00:00:00Z,77818
Chililabombwe,2022-01-01T00:00:00Z,141899
Makurdi,2012-01-01T00:00:00Z,170925
Kontagora,2010-01-01T00:00:00Z,322163
Yola,2006-01-01T00:00:00Z,392854
Kpalimé,2022-01-01T00:00:00Z,87478
Tarkwa,2013-01-01T00:00:00Z,34941
Lodwar,1999-08-24T00:00:00Z,16981
Lodwar,2009-08-24T00:00:00Z,44153
Lodwar,2019-08-24T00:00:00Z,82970
Kericho,1999-01-01T00:00:00Z,30023
Bungoma,2009-01-01T00:00:00Z,55857
Kumba,1976-04-09T00:00:00Z,44175
Kumba,1987-04-10T00:00:00Z,70112
Kumba,1998-01-01T00:00:00Z,97073
Kumba,2005-01-01T00:00:00Z,144268
Mansa,1974-01-01T00:00:00Z,7900
Mansa,1990-08-20T00:00:00Z,37882
Mansa,2000-10-20T00:00:00Z,41059
Mansa,2010-10-16T00:00:00Z,78153
Mansa,2012-01-01T00:00:00Z,45450
Kribi,2007-01-01T00:00:00Z,60000
Buba,2009-03-01T00:00:00Z,7898
Bubaque,2009-03-01T00:00:00Z,4484
Nkongsamba,1976-04-09T00:00:00Z,70464
Nkongsamba,1987-04-10T00:00:00Z,85420
Nkongsamba,2005-11-01T00:00:00Z,104050
Nkongsamba,2010-01-01T00:00:00Z,131000
Nkongsamba,2022-01-01T00:00:00Z,135405
Manga,2019-01-01T00:00:00Z,28612
Jerusalem,1977-01-01T00:00:00Z,345600
Jerusalem,1977-01-01T00:00:00Z,345600
Jerusalem,1977-01-01T00:00:00Z,345600
Jerusalem,1980-01-01T00:00:00Z,407100
Jerusalem,1980-01-01T00:00:00Z,407100
Jerusalem,1980-01-01T00:00:00Z,407100
Jerusalem,1985-01-01T00:00:00Z,457700
Jerusalem,1985-01-01T00:00:00Z,457700
Jerusalem,1985-01-01T00:00:00Z,457700
Jerusalem,1990-01-01T00:00:00Z,524400
Jerusalem,1990-01-01T00:00:00Z,524400
Jerusalem,1990-01-01T00:00:00Z,524400
Jerusalem,1995-01-01T00:00:00Z,617042
Jerusalem,1995-01-01T00:00:00Z,617042
Jerusalem,1995-01-01T00:00:00Z,617042
Jerusalem,2000-01-01T00:00:00Z,657500
Jerusalem,2000-01-01T00:00:00Z,657500
Jerusalem,2000-01-01T00:00:00Z,657500
Jerusalem,2005-01-01T00:00:00Z,718900
Jerusalem,2005-01-01T00:00:00Z,718900
Jerusalem,2005-01-01T00:00:00Z,718900
Jerusalem,2015-12-31T00:00:00Z,865721
Jerusalem,2015-12-31T00:00:00Z,865721
Jerusalem,2015-12-31T00:00:00Z,865721
Jerusalem,2019-01-01T00:00:00Z,936425
Jerusalem,2019-01-01T00:00:00Z,936425
Jerusalem,2019-01-01T00:00:00Z,936425
Abidjan,1988-01-01T00:00:00Z,1929079
Abidjan,1998-01-01T00:00:00Z,2877948
Abidjan,2014-01-01T00:00:00Z,4707404
Abidjan,2016-01-01T00:00:00Z,4980000
Abidjan,2021-01-01T00:00:00Z,5616633
Juba,2011-01-01T00:00:00Z,372410
Juba,2014-01-01T00:00:00Z,492970
Juba,2017-01-01T00:00:00Z,525953
Juba,2023-01-01T00:00:00Z,459342
Dar es Salaam,2012-01-01T00:00:00Z,4364541
Dar es Salaam,2016-01-01T00:00:00Z,4715000
Khartoum,2014-01-01T00:00:00Z,6527500
Khartoum,2018-01-01T00:00:00Z,5345000
Mogadishu,2015-01-01T00:00:00Z,2120000
Aswan,1986-11-17T00:00:00Z,190579
Aswan,1996-11-19T00:00:00Z,219874
Aswan,2006-11-01T00:00:00Z,267913
Aswan,2021-01-01T00:00:00Z,351332
Asyut,2006-11-11T00:00:00Z,389307
Jamestown,2016-01-01T00:00:00Z,714
Shibin Al Kawm,1986-11-17T00:00:00Z,132209
Shibin Al Kawm,1996-11-19T00:00:00Z,156794
Shibin Al Kawm,2021-01-01T00:00:00Z,267945
Shibin Al Kawm,2021-01-01T00:00:00Z,267945
Johannesburg,1985-01-01T00:00:00Z,1783000
Johannesburg,1990-01-01T00:00:00Z,1898000
Johannesburg,2001-01-01T00:00:00Z,3326055
Johannesburg,2011-01-01T00:00:00Z,4434827
Rabat,1971-01-01T00:00:00Z,375000
Rabat,1982-01-01T00:00:00Z,526124
Rabat,1994-01-01T00:00:00Z,615377
Rabat,2004-01-01T00:00:00Z,621480
Rabat,2014-01-01T00:00:00Z,572717
Rabat,2024-01-01T00:00:00Z,509916
Algiers,1977-02-12T00:00:00Z,1523000
Algiers,1987-03-20T00:00:00Z,1507241
Algiers,1998-08-28T00:00:00Z,2086212
Algiers,2008-04-14T00:00:00Z,2364230
Algiers,2011-01-01T00:00:00Z,3415811
Tripoli,1973-01-01T00:00:00Z,481295
Tripoli,1978-01-01T00:00:00Z,550400
Tripoli,1984-01-01T00:00:00Z,591062
Tripoli,2005-01-01T00:00:00Z,1150990
Tripoli,2007-01-01T00:00:00Z,1780000
Tripoli,2014-01-01T00:00:00Z,1126000
Tripoli,2020-01-01T00:00:00Z,1293016
Tripoli,2022-01-01T00:00:00Z,1176000
Djibouti,1984-01-01T00:00:00Z,250000
Djibouti,1987-01-01T00:00:00Z,230891
Djibouti,1989-01-01T00:00:00Z,290000
Djibouti,1992-01-01T00:00:00Z,279912
Djibouti,1995-01-01T00:00:00Z,387000
Djibouti,1999-01-01T00:00:00Z,312447
Djibouti,2003-01-01T00:00:00Z,379353
Djibouti,2005-01-01T00:00:00Z,452447
Djibouti,2007-01-01T00:00:00Z,647000
Djibouti,2012-01-01T00:00:00Z,496013
Djibouti,2018-01-01T00:00:00Z,603900
Brega,2003-01-01T00:00:00Z,13000
Asmara,2020-01-01T00:00:00Z,963000
N'Djamena,1970-01-01T00:00:00Z,130000
N'Djamena,1993-01-01T00:00:00Z,530965
N'Djamena,2009-01-01T00:00:00Z,951418
N'Djamena,2012-01-01T00:00:00Z,1092066
Niamey,1977-01-01T00:00:00Z,233414
Niamey,1988-01-01T00:00:00Z,391876
Niamey,2001-01-01T00:00:00Z,690286
Niamey,2012-01-01T00:00:00Z,1026848
Niamey,2024-01-01T00:00:00Z,1496260
Nouakchott,1977-01-01T00:00:00Z,134704
Nouakchott,1981-01-01T00:00:00Z,232000
Nouakchott,1988-01-01T00:00:00Z,393325
Nouakchott,2000-01-01T00:00:00Z,558195
Nouakchott,2013-01-01T00:00:00Z,958399
Nouakchott,2016-01-01T00:00:00Z,1077169
Nouakchott,2017-01-01T00:00:00Z,1116700
Nouakchott,2019-01-01T00:00:00Z,1195600
Nouakchott,2020-01-01T00:00:00Z,1315000
Bamako,1976-01-01T00:00:00Z,419239
Bamako,1987-01-01T00:00:00Z,658275
Bamako,1998-01-01T00:00:00Z,1016167
Bamako,2009-01-01T00:00:00Z,1810366
Bamako,2023-01-01T00:00:00Z,4227569
Banjul,1973-01-01T00:00:00Z,39476
Banjul,1983-01-01T00:00:00Z,44188
Banjul,1993-01-01T00:00:00Z,42326
Banjul,2003-01-01T00:00:00Z,34828
Banjul,2008-01-01T00:00:00Z,33820
Banjul,2009-01-01T00:00:00Z,33422
Banjul,2010-01-01T00:00:00Z,32921
Banjul,2012-01-01T00:00:00Z,31834
Banjul,2013-01-01T00:00:00Z,31356
Conakry,1980-01-01T00:00:00Z,600000
Conakry,1996-01-01T00:00:00Z,705300
Conakry,2008-01-01T00:00:00Z,1092936
Conakry,2008-01-01T00:00:00Z,1857153
Conakry,2009-01-01T00:00:00Z,2160000
Conakry,2014-01-01T00:00:00Z,1667864
Bissau,2007-01-01T00:00:00Z,407424
Bissau,2010-01-01T00:00:00Z,395954
Bissau,2015-01-01T00:00:00Z,492004
Monrovia,2008-01-01T00:00:00Z,1021762
Praia,1990-01-01T00:00:00Z,61644
Praia,2010-01-01T00:00:00Z,127832
Praia,2015-01-01T00:00:00Z,151346
Praia,2017-01-01T00:00:00Z,159050
Accra,1996-01-01T00:00:00Z,1170000
Accra,2000-01-01T00:00:00Z,1668000
Accra,2013-01-01T00:00:00Z,2291352
Accra,2021-01-01T00:00:00Z,1782150
Bloemfontein,2011-01-01T00:00:00Z,256185
Freetown,2012-01-01T00:00:00Z,853651
Freetown,2013-01-01T00:00:00Z,862419
Freetown,2014-01-01T00:00:00Z,951000
Freetown,2015-01-01T00:00:00Z,1055964
Abuja,1975-01-01T00:00:00Z,21000
Abuja,1991-01-01T00:00:00Z,107169
Abuja,1998-01-01T00:00:00Z,379000
Abuja,2006-01-01T00:00:00Z,776298
Abuja,2011-01-01T00:00:00Z,1235880
Abuja,2012-01-01T00:00:00Z,979876
Abuja,2015-01-01T00:00:00Z,1568853
Abuja,2022-01-01T00:00:00Z,1693400
Lomé,1970-01-01T00:00:00Z,186000
Lomé,1981-01-01T00:00:00Z,375499
Lomé,1990-01-01T00:00:00Z,450000
Lomé,1997-01-01T00:00:00Z,573000
Lomé,2010-01-01T00:00:00Z,837437
Lomé,2022-01-01T00:00:00Z,2188376
Porto-Novo,1972-01-01T00:00:00Z,133168
Porto-Novo,1992-01-01T00:00:00Z,179138
Porto-Novo,2002-01-01T00:00:00Z,223552
Porto-Novo,2009-01-01T00:00:00Z,267191
Porto-Novo,2013-01-01T00:00:00Z,264320
Yaoundé,2005-01-01T00:00:00Z,1817524
Yaoundé,2012-01-01T00:00:00Z,2440462
Malabo,1983-01-01T00:00:00Z,31650
Malabo,1994-01-01T00:00:00Z,60065
Malabo,2000-01-01T00:00:00Z,73117
Malabo,2001-07-04T00:00:00Z,132440
Malabo,2011-01-01T00:00:00Z,137000
Malabo,2012-01-01T00:00:00Z,187302
Malabo,2014-04-27T00:00:00Z,155963
Malabo,2018-01-01T00:00:00Z,297000
Bangui,1988-01-01T00:00:00Z,427435
Bangui,2003-01-01T00:00:00Z,622771
Bangui,2005-01-01T00:00:00Z,684190
Bangui,2012-01-01T00:00:00Z,734350
Bangui,2013-01-01T00:00:00Z,747109
Bangui,2020-01-01T00:00:00Z,889231
Brazzaville,1984-01-01T00:00:00Z,585812
Brazzaville,1996-01-01T00:00:00Z,856410
Brazzaville,2001-01-01T00:00:00Z,1018541
Brazzaville,2007-01-01T00:00:00Z,1373382
Brazzaville,2010-01-01T00:00:00Z,1503803
Brazzaville,2014-01-01T00:00:00Z,1733263
Brazzaville,2015-01-01T00:00:00Z,1783520
Brazzaville,2023-01-01T00:00:00Z,2145783
Bujumbura,2008-01-01T00:00:00Z,497166
Bujumbura,2014-01-01T00:00:00Z,658859
Lilongwe,1998-09-01T00:00:00Z,440471
Lilongwe,2008-06-08T00:00:00Z,674448
Lilongwe,2012-01-01T00:00:00Z,781538
Lilongwe,2018-09-03T00:00:00Z,989318
Lusaka,2000-01-01T00:00:00Z,1073000
Lusaka,2010-01-01T00:00:00Z,1742979
Lusaka,2017-01-01T00:00:00Z,2467563
Lusaka,2022-01-01T00:00:00Z,2204059
Maputo,1997-08-01T00:00:00Z,966837
Maputo,2007-09-16T00:00:00Z,1094628
Maputo,2017-08-01T00:00:00Z,1088449
Maputo,2018-01-01T00:00:00Z,1191613
Maputo,2023-07-01T00:00:00Z,1133200
Kampala,1980-01-01T00:00:00Z,458503
Kampala,1991-01-01T00:00:00Z,774241
Kampala,2002-01-01T00:00:00Z,1189142
Kampala,2011-01-01T00:00:00Z,1659600
Kampala,2014-01-01T00:00:00Z,1507080
Kampala,2019-01-01T00:00:00Z,1680600
Luanda,1996-01-01T00:00:00Z,1500000
Luanda,1997-01-01T00:00:00Z,2081000
Luanda,2009-01-01T00:00:00Z,2584000
Luanda,2014-05-16T00:00:00Z,2165867
Luanda,2018-07-01T00:00:00Z,2487444
Moroni,1980-09-15T00:00:00Z,17267
Moroni,1991-09-15T00:00:00Z,29916
Moroni,2003-09-15T00:00:00Z,40050
Moroni,2009-01-01T00:00:00Z,61200
Moroni,2011-01-01T00:00:00Z,62000
Moroni,2013-01-01T00:00:00Z,62351
Moroni,2017-12-15T00:00:00Z,74749
Mbabane,1976-08-25T00:00:00Z,23109
Mbabane,1986-08-25T00:00:00Z,38290
Mbabane,1997-05-11T00:00:00Z,57992
Mbabane,2007-05-11T00:00:00Z,60015
Mbabane,2015-01-01T00:00:00Z,61940
Mbabane,2017-05-11T00:00:00Z,60691
Maseru,1986-04-12T00:00:00Z,115000
Maseru,1996-04-14T00:00:00Z,170000
Maseru,2006-04-09T00:00:00Z,227880
Maseru,2016-04-10T00:00:00Z,343541
Gaborone,2011-01-01T00:00:00Z,231626
Gaborone,2013-01-01T00:00:00Z,235884
Gaborone,2022-01-01T00:00:00Z,246325
Harare,2009-01-01T00:00:00Z,1606000
Harare,2012-01-01T00:00:00Z,2150000
Port Louis,2012-01-01T00:00:00Z,149194
São Tomé,1991-01-01T00:00:00Z,42331
São Tomé,1997-01-01T00:00:00Z,49541
São Tomé,2000-01-01T00:00:00Z,49997
São Tomé,2001-01-01T00:00:00Z,49957
São Tomé,2005-01-01T00:00:00Z,56166
São Tomé,2010-01-01T00:00:00Z,65468
São Tomé,2015-01-01T00:00:00Z,71868
Windhoek,2001-01-01T00:00:00Z,233529
Windhoek,2010-01-01T00:00:00Z,322500
Windhoek,2011-01-01T00:00:00Z,325858
Windhoek,2012-01-01T00:00:00Z,334580
Windhoek,2016-01-01T00:00:00Z,395000
Windhoek,2020-01-01T00:00:00Z,431000
Victoria,2002-01-01T00:00:00Z,24970
Victoria,2010-01-01T00:00:00Z,26450
Victoria,2014-01-01T00:00:00Z,24701
Benghazi,2011-01-01T00:00:00Z,631555
Makeni,1974-01-01T00:00:00Z,26781
Makeni,1985-01-01T00:00:00Z,40038
Makeni,2004-01-01T00:00:00Z,85017
Makeni,2012-01-01T00:00:00Z,109125
Makeni,2013-01-01T00:00:00Z,112428
Makeni,2015-01-01T00:00:00Z,125970
Arusha,2012-01-01T00:00:00Z,270500
Arusha,2012-01-01T00:00:00Z,416442
Arusha,2022-01-01T00:00:00Z,617631
Arusha,2023-01-01T00:00:00Z,535362
Cotonou,2013-01-01T00:00:00Z,679012
Annaba,2008-01-01T00:00:00Z,257359
Ksar el-Kebir,1994-01-01T00:00:00Z,107065
Ksar el-Kebir,2004-01-01T00:00:00Z,107380
Ksar el-Kebir,2014-01-01T00:00:00Z,126617
Ksar el-Kebir,2024-01-01T00:00:00Z,124701
Durban,2001-01-01T00:00:00Z,536644
Durban,2011-01-01T00:00:00Z,595061
Axum,2015-01-01T00:00:00Z,66800
Ras Lanuf,2010-01-01T00:00:00Z,13300
Swakopmund,2010-01-01T00:00:00Z,34300
Béjaïa,2008-01-01T00:00:00Z,176139
Nasser,2006-11-11T00:00:00Z,88379
Sharm el-Sheikh,1996-11-19T00:00:00Z,4306
Sharm el-Sheikh,2015-01-01T00:00:00Z,73000
Casablanca,1970-01-01T00:00:00Z,1400000
Casablanca,1982-01-01T00:00:00Z,2500000
Casablanca,1995-01-01T00:00:00Z,3300000
Casablanca,1997-01-01T00:00:00Z,3100000
Casablanca,2004-01-01T00:00:00Z,3631061
Casablanca,2014-01-01T00:00:00Z,3359818
Casablanca,2016-01-01T00:00:00Z,4370000
Casablanca,2018-01-01T00:00:00Z,3499000
Casablanca,2024-01-01T00:00:00Z,3215935
Lagos,1970-01-01T00:00:00Z,1413528
Lagos,1980-01-01T00:00:00Z,2572218
Lagos,1990-01-01T00:00:00Z,4764093
Lagos,2000-01-01T00:00:00Z,7280706
Lagos,2006-01-01T00:00:00Z,8048430
Lagos,2010-01-01T00:00:00Z,10441182
Lagos,2019-01-01T00:00:00Z,13903620
Lagos,2022-03-21T00:00:00Z,15070000
Timbuktu,2009-01-01T00:00:00Z,54453
Timbuktu,2012-01-01T00:00:00Z,35330
