cityLabel,countryLabel,population
Lagos,Nigeria,15070000
Giza,Egypt,5598402
Khartoum,Sudan,5345000
Abidjan,Ivory Coast,4980000
Alexandria,Egypt,4870000
Dar es Salaam,Tanzania,4715000
Johannesburg,South Africa,4434827
Kano,Nigeria,4348000
Bamako,Mali,4227569
Kano,Nigeria,3999000
Kano,Nigeria,3848885
City of Cape Town,South Africa,3740026
Casablanca,Morocco,3499000
Casablanca,Morocco,3215935
Mbuji-Mayi,Democratic Republic of the Congo,2892000
Omdurman,Sudan,2805396
Kano,Nigeria,2602000
Ibadan,Nigeria,2550593
Luanda,Angola,2487444
Lusaka,Zambia,2467563
Yaoundé,Cameroon,2440462
Algiers,Algeria,2364230
Tamale,Ghana,2310939
Accra,Ghana,2291352
Mbuji-Mayi,Democratic Republic of the Congo,2201000
Lomé,Togo,2188376
Harare,Zimbabwe,2150000
Brazzaville,Republic of the Congo,2145783
Mogadishu,Somalia,2120000
Kano,Nigeria,2095000
Kumasi,Ghana,2069350
Kananga,Democratic Republic of the Congo,1971704
Accra,Ghana,1782150
Benin City,Nigeria,1780000
Garoua,Cameroon,1750000
Abuja,Nigeria,1693400
Mbuji-Mayi,Democratic Republic of the Congo,1680991
Kampala,Uganda,1680600
Accra,Ghana,1668000
Conakry,Guinea,1667864
Masvingo,Zimbabwe,1638528
Mbuji-Mayi,Democratic Republic of the Congo,1559073
New Cairo,Egypt,1500000
Niamey,Niger,1496260
Onitsha,Nigeria,1483000
Pointe-Noire,Republic of the Congo,1420612
Kisangani,Democratic Republic of the Congo,1366000
Tripoli,Libya,1293016
Cacuaco,Angola,1279488
Tangier,Morocco,1275428
Soweto,South Africa,1271628
Mbuji-Mayi,Democratic Republic of the Congo,1213726
Mombasa,Kenya,1208333
Mombasa,Kenya,1200000
Mbuji-Mayi,Democratic Republic of the Congo,1193891
Accra,Ghana,1170000
Aba,Nigeria,1160000
Maputo,Mozambique,1133200
Fez,Morocco,1112072
N'Djamena,Chad,1092066
Nouakchott,Mauritania,1077169
Matola,Mozambique,1032197
Shobra Elkhema,Egypt,1025569
Monrovia,Liberia,1021762
Tshikapa,Democratic Republic of the Congo,1006387
Marrakesh,Morocco,1002697
Lilongwe,Malawi,989318
Marrakesh,Morocco,966987
Asmara,Eritrea,963000
Freetown,Sierra Leone,951000
Jerusalem,Mamluk Sultanate,936425
Jerusalem,Byzantine Empire,936425
Jerusalem,Ottoman Empire,936425
Khartoum North,Sudan,936349
Kisangani,Democratic Republic of the Congo,935977
Mallawi,Egypt,927386
Owerri,Nigeria,908109
Bobo-Dioulasso,Burkina Faso,903887
Lubango,Angola,903564
Bangui,Central African Republic,889231
Abeokuta,Nigeria,888924
Ikeja,Nigeria,861300
Akure,Nigeria,847903
Ilorin,Nigeria,847582
Huambo,Angola,844000
Lomé,Togo,837437
Oran,Algeria,803329
Blantyre,Malawi,800264
Goma Nord Kivu,Democratic Republic of the Congo,781875
Lubango,Angola,776249
Mbuji-Mayi,Democratic Republic of the Congo,766684
Kaduna,Nigeria,760084
Nampula,Mozambique,743000
Cabinda,Angola,739182
Osogbo,Nigeria,731000
Tamale,Ghana,729768
Zanzibar City,Tanzania,709809
Mwanza,Tanzania,706453
Tamale,Ghana,701000
Bauchi,Nigeria,693700
Cotonou,Benin,679012
Bulawayo,Zimbabwe,665940
Huambo,Angola,665564
Jalingo,Nigeria,660213
Bujumbura,Burundi,658859
Benghazi,Libya,631555
Kitwe,Zambia,625000
Mansoura,Egypt,621953
Helwan,Egypt,619293
Oujda,Morocco,614000
Malanje,Angola,604215
Djibouti,Djibouti,603900
Meknes,Morocco,601000
Durban,South Africa,595061
El Mahalla El Kubra,Egypt,592573
Mbale,Uganda,586300
Lomé,Togo,573000
Rabat,Morocco,572717
Dar El Salam,Egypt,567517
Benguela,Angola,561775
Agadir,Morocco,538000
Durban,South Africa,536644
Kassala,Sudan,536009
Beira,Mozambique,530604
Touba,Senegal,529176
Ndola,Zambia,528330
Port Said,Egypt,524433
Meknes,Morocco,520428
Faiyum,Egypt,519047
Suez,Egypt,516959
Kenitra,Morocco,507736
Ile Ife,Nigeria,501952
10th of Ramadan City,Egypt,500000
Belas,Angola,500000
Nyala,Sudan,492984
Bissau,Guinea-Bissau,492004
Accra,Ghana,491817
Mbuji-Mayi,Democratic Republic of the Congo,486235
Bafoussam,Cameroon,480000
East London,South Africa,478676
Tamale,Ghana,466723
Constantine,Algeria,465138
Juba,South Sudan,459342
Lomé,Togo,450000
Constantine,Algeria,448374
Ado Ekiti,Nigeria,446749
Korhogo,Ivory Coast,440926
Lobito,Angola,436467
Windhoek,Namibia,431000
Uyo,Nigeria,429900
Tanta,Egypt,429503
Ismailia,Egypt,429465
El-Obeid,Sudan,418280
Arusha,Tanzania,416442
Kisumu,Kenya,409928
Zaria,Nigeria,408198
Tanta,Egypt,400000
Kikwit,Democratic Republic of the Congo,397737
Yola,Nigeria,392854
Asyut,Egypt,389307
Oyo,Nigeria,386723
Gusau,Nigeria,383162
Tanta,Egypt,380000
6th of October City,Egypt,376302
Lomé,Togo,375499
Tamale,Ghana,371351
Umuahia,Nigeria,359230
Ondo,Nigeria,358430
Luena,Angola,357413
Al Qadarif,Sudan,354927
Burao,Somaliland,350211
Bamenda,Cameroon,348766
Maseru,Lesotho,343541
Owo,Nigeria,341400
Hadayek El Kobba,Egypt,341321
El Shorouk,Egypt,340000
Adama,Ethiopia,324000
Gondar,Ethiopia,323900
Safi,Morocco,323888
Mek'ele,Ethiopia,323700
Kontagora,Nigeria,322163
Taourirt,Morocco,321876
Okene,Kogi State,320260
Okene,Nigeria,320260
Muhanga,Rwanda,319141
Katsina,Nigeria,318459
Bor,Kingdom of Egypt,315351
Bor,South Sudan,315351
Gqeberha,South Africa,312392
Nakuru,Kenya,307990
Zagazig,Egypt,302840
Awka,Nigeria,301657
Hawaasa,Ethiopia,300100
Kabwe,Zambia,299206
Temara,Morocco,297098
Malabo,Equatorial Guinea,297000
Divo,Ivory Coast,294559
Bailundo,Angola,294494
Batna,Algeria,290645
Bata,Equatorial Guinea,290000
Eldoret,Kenya,289380
Massarah,Egypt,288880
Sétif,Algeria,288461
Tanta,Egypt,285000
Sumbe,Angola,279968
Gagnoa,Ivory Coast,277044
Dire Dawa,Ethiopia,277000
Soubré,Ivory Coast,272773
Shibin Al Kawm,Egypt,267945
Aswan,Egypt,267913
Maradi,Niger,267249
Porto-Novo,Benin,267191
Kütahya,Ottoman Empire,266784
Djelfa,Algeria,265833
Antsirabe,Madagascar,265018
Porto-Novo,Benin,264320
Berbera,Somaliland,263000
Misrata,Libya,259056
Saint-Louis,Senegal,258592
Annaba,Algeria,257359
Bloemfontein,South Africa,256185
Moçâmedes,Angola,255000
Chingola,Zambia,255000
Tanta,Egypt,253600
Bata,Equatorial Guinea,250770
10th of Ramadan City,Egypt,250000
Al Bayda,Libya,250000
Goma Nord Kivu,Democratic Republic of the Congo,249862
Damanhur,Egypt,244043
Bahir Dar,Ethiopia,243300
Kahama,Tanzania,242208
Al Mokattam,Egypt,242009
Man,Ivory Coast,241969
Chimoio,Mozambique,238976
Saint-Louis,Senegal,237563
El Jadida,Morocco,237464
Minya,Egypt,236043
Iseyin,Nigeria,236000
Gaborone,Botswana,235884
Zinder,Niger,235605
Kasulu,Tanzania,234452
Bo,Sierra Leone,233684
Merca,Somalia,230100
Toamasina,Madagascar,225116
Tanga,Tanzania,224891
Mutare,Zimbabwe,224804
Keur Massar Nord,Senegal,224765
Porto-Novo,Benin,223552
Owo,Nigeria,222262
Guéckédougou,Guinea,221715
Tanga,Tanzania,221127
Rufisque,Senegal,221066
Duékoué,Ivory Coast,220953
Butembo,Democratic Republic of the Congo,217625
Hurghada,Egypt,214247
Bouaflé,Ivory Coast,213967
Sodo,Ethiopia,213467
Sidi Bel Abbès,Algeria,212935
Mallawi,Egypt,212628
Ait Melloul,Morocco,210870
Saint-Louis,Senegal,209752
Gondar,Ethiopia,207044
Morogoro,Tanzania,207000
Damietta,Egypt,206664
Ziguinchor,Senegal,205294
Mbuji-Mayi,Democratic Republic of the Congo,204923
Biskra,Algeria,204661
Bingerville,Ivory Coast,204656
Yeumbeul Nord,Senegal,204375
Tamale,Ghana,202317
Luxor,Egypt,202232
Maroua,Cameroon,201371
Qena,Egypt,201191
Bouskoura,Morocco,200359
Tanga,Tanzania,200000
Tébessa,Algeria,194461
Mohammedia,Morocco,194358
اسيوط,Egypt,193931
Beni Suef,Egypt,193048
Blida,Algeria,191000
Ngaoundéré,Cameroon,189800
Kenema,Sierra Leone,188463
Dessie,Ethiopia,187900
Gharyan,Libya,187854
Lomé,Togo,186000
Moshi,Tanzania,184292
Siguiri,Guinea,183875
Mufulira,Zambia,182400
Calabar,Nigeria,179392
Porto-Novo,Benin,179138
Tiaret,Algeria,178915
Jimma,Ethiopia,177900
Dundo,Angola,177604
Gulu,Uganda,177400
Livingstone,Zambia,177393
Béjaïa,Algeria,176139
Saint-Louis,Senegal,176000
Tlemcen,Algeria,173531
Tlemcen,Algeria,173500
Bertoua,Cameroon,173000
Tanga,Tanzania,172557
Kindu,Democratic Republic of the Congo,172321
Kaolack,Senegal,172305
Settat,Morocco,171556
Guiglo,Ivory Coast,171454
Makurdi,Nigeria,170925
New Borg El Arab,Egypt,170000
Lakota,Ivory Coast,169330
Berrechid,Morocco,168687
Yeumbeul Nord,Senegal,168379
Bordj Bou Arréridj,Algeria,168346
Kismayo,Somalia,166667
Béchar,Algeria,165627
Singida,Tanzania,165492
Dakhla,Morocco,165463
Dakhla,Western Sahara,165463
Arish,Egypt,164830
Abengourou,Ivory Coast,164424
Blida,Algeria,163586
Skikda,Algeria,163318
Blida,Algeria,162000
Nador,Morocco,161726
N'dalatando,Angola,161584
Ferkessédougou,Ivory Coast,160267
Koudougou,Burkina Faso,160207
Praia,Cape Verde,159050
Djelfa,Algeria,158679
Nador,Morocco,158202
Kasama,Zambia,158051
Benha,Egypt,157701
Adzopé,Ivory Coast,156488
Chlef,Algeria,155134
Butembo,Democratic Republic of the Congo,154621
Saint-Louis,Senegal,154555
Méagui,Ivory Coast,153483
Ziguinchor,Senegal,153269
Dutse,Nigeria,153000
Tete,Mozambique,152909
Praia,Cape Verde,151346
Mzuzu,Malawi,150100
Asaba,Nigeria,149603
Port Louis,Mauritius,149194
Mongu,Zambia,148972
Potchefstroom,South Africa,148804
Taza,Morocco,148406
M'banza-Kongo,Angola,148000
Sumbawanga,Tanzania,147483
Malakal,South Sudan,147450
Luanshya,Zambia,147400
Kafr el-Sheikh,Egypt,147393
City of Francistown,Botswana,147122
Kalemie,Democratic Republic of the Congo,146974
Keren,Eritrea,146500
Tlemcen,Algeria,146000
Mostaganem,Algeria,145696
Kumba,Cameroon,144268
Desouk,Egypt,143404
Touggourt,Algeria,143270
Bizerte,Tunisia,142966
Moundou,Chad,142462
Lichinga,Mozambique,142253
Chililabombwe,Zambia,141899
Chipata (Fort Jameson),Zambia,141800
Bondoukou,Ivory Coast,141568
Pemba,Mozambique,141316
Belbis,Egypt,141285
Gweru,Zimbabwe,141260
Atbarah,Sudan,139768
Médéa,Algeria,138355
Dabou,Ivory Coast,138083
Tanga,Tanzania,137364
Sinfra,Ivory Coast,137210
Porto Amboim,Angola,137000
Livingstone,Zambia,136897
Port-Gentil,Gabon,136462
Tamale,Ghana,135952
Tobruk,Libya,135832
Gitega,Burundi,135467
Nkongsamba,Cameroon,135405
Kigoma,Tanzania,135234
Agboville,Ivory Coast,135082
Ruhengeri,Rwanda,135000
El Oued,Algeria,134699
Edfu,Egypt,133772
Larache,Morocco,133731
Ségou,Mali,133501
Porto-Novo,Benin,133168
Ouargla,Algeria,133024
Vavoua,Ivory Coast,132528
Blida,Algeria,131600
Danané,Ivory Coast,131586
Khemisset,Morocco,131542
Buea,Cameroon,131325
Harar,Ethiopia,129000
Tabora,Tanzania,127880
Praia,Cape Verde,127832
Oumé,Ivory Coast,127153
Guelmim,Morocco,126729
Bizerte,Tunisia,126491
Issia,Ivory Coast,126252
Nador,Morocco,126207
Makeni,Sierra Leone,125970
Jijiga,Ethiopia,125876
Khemisset,Morocco,125834
Rosetta,Egypt,125778
Ksar el-Kebir,Morocco,124701
Ouahigouya,Burkina Faso,124580
Grand-Bassam,Ivory Coast,124567
Ziguinchor,Senegal,124283
Bimbo,Central African Republic,124176
Khenifra,Morocco,123738
Kaya,Burkina Faso,122949
Skhirat,Morocco,122705
Ondjiva,Angola,121537
Bizerte,Tunisia,121483
Mit Ghamr,Egypt,121039
Jimma,Ethiopia,120960
Ghardaia,Algeria,120000
Bizerte,Tunisia,119243
Bonoua,Ivory Coast,118388
Nouadhibou,Mauritania,118000
Dolisie,Republic of the Congo,117920
Menouf,Egypt,117240
Banfora,Burkina Faso,117200
Bizerte,Tunisia,117126
Gabela,Angola,116903
Bonon,Ivory Coast,116871
Lira,Uganda,116500
Kadoma,Zimbabwe,116300
Aïn Beïda,Algeria,116064
Sokodé,Togo,115442
Ben Guerir,Morocco,114872
Bizerte,Tunisia,114371
Machakos,Kenya,114109
Gabiadji,Ivory Coast,113369
Sokodé,Togo,113000
Nador,Morocco,112450
Makeni,Sierra Leone,112428
Kisii,Kenya,112417
Gondar,Ethiopia,112249
Grand-Zattry,Ivory Coast,112049
Sangalkam,Senegal,110958
Franceville,Gabon,110568
Manzini,Eswatini,110508
Asella,Ethiopia,110088
Makeni,Sierra Leone,109125
Maxixe,Mozambique,108824
Mersa Matruh,Egypt,108774
Mascara,Algeria,108587
Khenchela,Algeria,108580
Yeumbeul Sud,Senegal,108069
Sarh,Chad,108061
Baía Farta,Angola,107841
Labé,Guinea,107695
Shinyanga,Tanzania,107362
Wa,Ghana,107214
Lqliâa,Morocco,107133
Dania,Ivory Coast,106612
Musturud,Egypt,106280
Idku,Egypt,105875
Q129871284,Senegal,105362
Khemisset,Morocco,105088
New Beni Suef City,Egypt,105000
Kafr el-Dawwar,Egypt,104709
Monastir,Tunisia,104535
Séguéla,Ivory Coast,103980
Tiflet,Morocco,103850
Musoma,Tanzania,103497
Tanga,Tanzania,103399
Bumba,Democratic Republic of the Congo,103328
Girga,Egypt,102597
Sabratha,Libya,102038
Dogbo-Tota,Benin,101870
Akhmim,Egypt,101509
Kousséri,Cameroon,101246
Zomba,Malawi,101140
Daoukro,Ivory Coast,101136
Aboisso,Ivory Coast,100903
Buyo,Ivory Coast,100848
Nkayi,Republic of the Congo,100783
Surman,Libya,100707
Diourbel,Senegal,100445
Ras Gharib,Egypt,100000
Mumias,Kenya,99987
Songea,Tanzania,99961
Bishoftu,Ethiopia,99928
Agnibilékrou,Ivory Coast,99501
Blida,Algeria,99200
Ain Aouda,Morocco,98502
Errachidia,Morocco,97687
Livingstone,Zambia,97488
Fkih Ben Saleh,Morocco,97380
Kumba,Cameroon,97073
Musumba,Democratic Republic of the Congo,96957
Yeumbeul Sud,Senegal,96956
Bogo,Cameroon,95230
Sidi Slimane,Morocco,95114
Oued Zem,Morocco,93776
Zefta,Egypt,93740
Monastir,Tunisia,93306
Kwekwe,Zimbabwe,93072
Boundiali,Ivory Coast,92792
Tamanrasset,Algeria,92635
Mtwara,Tanzania,92602
Kakamega,Kenya,91778
Samalut,Egypt,91475
Solwezi,Zambia,90856
Katiola,Ivory Coast,90641
Wajir,Kenya,90116
Waku-Kungo,Angola,90000
Khemisset,Morocco,88839
Bertoua,Cameroon,88462
Nasser,Egypt,88379
Damaturu,Nigeria,88014
Makeni,Sierra Leone,87679
Kpalimé,Togo,87478
Sefrou,Morocco,86903
Tiflet,Morocco,86709
Singida,Tanzania,85242
Makeni,Sierra Leone,85017
Lomé,Togo,85000
Walvis Bay,Namibia,85000
Qus,Egypt,84386
Limbe,Cameroon,84223
Dolisie,Republic of the Congo,83798
Dambai,Ghana,83715
Tamale,Ghana,83653
Taroudant,Morocco,83496
Lqliâa,Morocco,83235
Lodwar,Kenya,82970
Essaouira,Morocco,82962
Manfalut,Egypt,82585
Chelghoum Laïd,Algeria,82560
Gondar,Ethiopia,80886
Guercif,Morocco,80703
Zuwara,Libya,80310
Taroudant,Morocco,80149
Sefrou,Morocco,79887
Beni Mazar,Egypt,79553
Lisala,Democratic Republic of the Congo,79235
Tiko,Cameroon,78885
Tambacounda,Senegal,78800
Essaouira,Morocco,77966
Kadoma,Zimbabwe,77749
Caxito,Angola,77276
Berbérati,Central African Republic,76918
Ebolowa,Cameroon,76885
Livingstone,Zambia,76875
Dschang,Cameroon,76524
Abéché,Chad,76492
Hermonthis,Egypt,76457
Adigrat,Ethiopia,76400
Kadoma,Zimbabwe,76173
Tan-Tan,Morocco,76134
Maghagha,Egypt,75657
Nekemte,Ethiopia,75219
Tissemsilt,Algeria,75197
Teyateyaneng,Lesotho,75115
Sidi Kacem,Morocco,75037
Palma,Mozambique,75000
Moroni,Comoros,74749
Uromi,Nigeria,73569
Tan-Tan,Morocco,73209
Fada N’Gourma,Burkina Faso,73200
Goundi,Chad,73141
Edéa,Cameroon,73128
Sharm el-Sheikh,Egypt,73000
Yafran,Libya,72662
Tlemcen,Algeria,72200
Tibati,Cameroon,72081
Nkayi,Republic of the Congo,71620
Kom Ombo,Egypt,71596
Ali Sabieh,Djibouti,71230
Q129909528,Senegal,71036
Abutig,Egypt,70969
Mindelo,Cape Verde,70468
Port Fuad,Egypt,70417
Dimbokro,Ivory Coast,70198
Kumba,Cameroon,70112
Essaouira,Morocco,70000
Hosaena,Ethiopia,69995
Entebbe,Uganda,69958
Ziguinchor,Senegal,69646
Tiflet,Morocco,69640
Essaouira,Morocco,69493
Taroudant,Morocco,69489
El Quseyya,Egypt,69388
Bafia,Cameroon,69270
Mocuba,Mozambique,69045
Kamsar,Guinea,68999
Esna,Egypt,68656
Adrar,Algeria,68276
Borama,Somalia,68074
M'diq,Morocco,67599
Molepolole,Botswana,67598
Abnub,Egypt,67526
Ben Slimane,Morocco,67317
Tôlanaro,Madagascar,67284
Asella,Ethiopia,67269
Axum,Ethiopia,66800
Hihya,Egypt,66702
Goz Beïda,Chad,66107
Garissa,Kenya,65881
Youssoufia,Morocco,65669
Harardhere,Somalia,65523
São Tomé,São Tomé and Príncipe,65468
Mankono,Ivory Coast,64330
Sefrou,Morocco,64006
Inhambane,Mozambique,63837
Chokwe,Mozambique,63695
Dédougou,Burkina Faso,63617
Abo Qorqas,Egypt,63264
Kitale,Kenya,63245
Moroni,Comoros,62351
Kolda,Senegal,62258
Tighennif,Algeria,62210
Moroni,Comoros,62000
Praia,Cape Verde,61644
Djibo,Burkina Faso,61456
Moroni,Comoros,61200
Idiofa,Democratic Republic of the Congo,61056
Tan-Tan,Morocco,60698
Mbabane,Eswatini,60691
el-Kharga Town,Egypt,60584
Qus,Egypt,60068
Manhiça,Mozambique,60031
Kribi,Cameroon,60000
Dila,Ethiopia,59150
Ícolo e Bengo,Angola,59000
Mbombela,South Africa,58670
Tenkodogo,Burkina Faso,58600
Chibuto,Mozambique,58012
Livingstone,Zambia,58000
Singida,Tanzania,57904
Ouazzane,Morocco,57737
Biba,Egypt,57716
Boujdour,Morocco,57360
Boujdour,Western Sahara,57360
Samannud,Egypt,57177
Taroudant,Morocco,57136
Ben Slimane,Morocco,57101
Maun,Botswana,57067
Mafeteng,Lesotho,57059
Smara,Morocco,57035
Smara,Western Sahara,57035
Rîbnița,Ottoman Empire,56988
Chinhoyi,Zimbabwe,56794
Malika,Senegal,56707
Dome,Ghana,56655
Smara,Morocco,56607
Smara,Western Sahara,56607
Essaouira,Morocco,56074
Okemesi,Nigeria,56000
Bungoma,Kenya,55857
Sidi Bennour,Morocco,55847
Winneba,Ghana,55331
Touba,Ivory Coast,55013
Tômbwa,Angola,54873
Sefrou,Morocco,54163
Kongoussi,Burkina Faso,53641
Gisenyi,Rwanda,53603
Temsia,Morocco,52663
Marondera,Zimbabwe,52283
Léo,Burkina Faso,51746
Mangochi,Malawi,51429
Al Hamool,Egypt,51200
Bani Walid,Libya,50824
Beni Ansar,Morocco,50508
Al Hoceima,Morocco,50225
Tiflet,Morocco,49918
Selebi-Phikwe,Botswana,49724
Jacqueville,Ivory Coast,49694
Sebeta,Ethiopia,49331
Mbouda,Cameroon,49313
Notsé,Togo,49143
Titao,Burkina Faso,48242
Ambo,Ethiopia,48171
Lqliâa,Morocco,47837
Diamniadio,Senegal,47759
Serowe,Botswana,47447
Murzuk,Libya,47324
Loum,Cameroon,47305
Boujad,Morocco,47209
El-Balyana,Egypt,46997
Matai,Egypt,46903
Boujad,Morocco,46893
Monze,Zambia,46876
Bizerte,Tunisia,46700
Al Aaroui,Morocco,46540
Ben Slimane,Morocco,46478
Bindura,Zimbabwe,46275
Farim,Guinea-Bissau,46268
Chefchaouen,Morocco,46168
Isiolo,Kenya,45989
Koupéla,Burkina Faso,45900
Tan-Tan,Morocco,45821
Tindouf,Algeria,45610
Mansa,Zambia,45450
Carnot,Central African Republic,45421
Livingstone,Zambia,45200
Gaoua,Burkina Faso,45189
Garango,Burkina Faso,45150
Nag Hammadi,Egypt,45038
Jilib,Somalia,45000
Port Loko,Sierra Leone,44900
Limbe,Cameroon,44561
Robe,Ethiopia,44382
Kumba,Cameroon,44175
Lodwar,Kenya,44153
Korogwe,Tanzania,44000
Murzuk,Libya,43732
Batu,Ethiopia,43660
Bouknadel,Morocco,43598
Gabu,Guinea-Bissau,43556
Suakin,Anglo-Egyptian occupation of Sudan,43337
Suakin,Sudan,43337
Gode,Ethiopia,43234
Brak,Libya,43100
Taibe,Ottoman Empire,43100
Sangalkam,Senegal,43015
Lomé,Togo,43000
Garbahaareey,Somalia,43000
Mbuji-Mayi,Democratic Republic of the Congo,42864
Sébikotane,Senegal,42839
El Badari,Egypt,42770
Meru,Kenya,42677
Quinhámel,Guinea-Bissau,42659
Fianga,Chad,42606
Hwange,Zimbabwe,42581
Mampong,Ghana,42037
Nakonde,Zambia,41836
Beitbridge,Zimbabwe,41767
Boumerdès,Algeria,41685
Jaxaay-Parcelles-Niakoul Rab,Senegal,41570
Lindi,Tanzania,41549
Bambari,Central African Republic,41356
Embu,Kenya,41092
Niefang,Equatorial Guinea,41084
Jerada,Morocco,41014
Erigavo,Somalia,41000
El Aioun Sidi Mellouk,Morocco,40652
Deir Mawas,Egypt,40640
Boujad,Morocco,40513
Bouar,Central African Republic,40353
Smara,Morocco,40347
Smara,Western Sahara,40347
Kabuga,Rwanda,40202
Mokolo,Cameroon,40168
Gourcy,Burkina Faso,40144
Aweil,South Sudan,40054
Moroni,Comoros,40050
Makeni,Sierra Leone,40038
Herakleopolis Magna,Egypt,40001
New Asyut,Egypt,40000
Ngozi,Burundi,39884
Koumra,Chad,39852
Massawa,Eritrea,39758
Oshakati,Namibia,39679
Ouésso,Republic of the Congo,39653
Impfondo,Republic of the Congo,39653
Singida,Tanzania,39598
Taounate,Morocco,39114
Pala,Chad,38975
Al-Jamāliyah,Egypt,38908
Yako,Burkina Faso,38689
Dabola,Guinea,38617
Daraw,Egypt,38400
Am Timan,Chad,38261
Ali Sabieh,Djibouti,37939
al-Wasta,Egypt,37916
Waliso,Ethiopia,37878
Bossangoa,Central African Republic,37780
Kumba,Cameroon,37663
Kisii,Kenya,37531
Ben Slimane,Morocco,36977
Tabligbo,Togo,36961
Faraskur,Egypt,36850
Agogo,Ghana,36797
Zaio,Morocco,36766
Ebibeyin,Equatorial Guinea,36565
Songo,Mozambique,36523
Mamfe,Cameroon,36500
Bossangoa,Central African Republic,36478
Liwonde,Malawi,36421
Byumba,Rwanda,36401
Nouaceur,Morocco,36326
Palapye,Botswana,36211
Marandallah,Ivory Coast,36074
Asilah,Morocco,36039
Timbuktu,Mali,35330
Bria,Central African Republic,35204
Aveluma,Democratic Republic of the Congo,35158
Dikhil,Djibouti,35000
Tarkwa,Ghana,34941
Mango,Togo,34791
Swakopmund,Namibia,34300
Impfondo,Republic of the Congo,33911
Léo,Burkina Faso,33717
Chiro,Ethiopia,33670
Batouri,Cameroon,33594
Niangoloko,Burkina Faso,33500
Ben Ahmed,Morocco,33469
Butajira,Ethiopia,33406
Bafang,Cameroon,33342
Boujad,Morocco,33321
Bassar,Togo,33156
Victoria Falls,Zimbabwe,33060
Lomé,Togo,33000
Livingstone,Zambia,33000
Barawa,Somalia,32800
Sotouboua,Togo,32464
Redcliff,Zimbabwe,32346
Homa Bay,Kenya,32174
Al Ibrāhīmīyah,Egypt,32167
Malika,Senegal,32130
Goba,Ethiopia,32025
Kumba,Cameroon,31672
Nanyuki,Kenya,31577
Bangassou,Central African Republic,31453
Savé,Benin,31444
Zeghanghane,Morocco,31431
Areka,Ethiopia,31408
Banjul,The Gambia,31356
Sébikotane,Senegal,31101
Gimbi,Ethiopia,30981
Babati,Tanzania,30975
Husseiniya,Egypt,30825
Busia,Kenya,30777
Haramaya,Ethiopia,30728
Irgalem,Ethiopia,30348
Kédougou,Senegal,30051
Degehabur,Ethiopia,30027
Kericho,Kenya,30023
Mutsamudu,Comoros,30000
Moroni,Comoros,29916
Pout,Senegal,29874
Selouane,Morocco,29628
Bafatá,Guinea-Bissau,29556
Dembi Dollo,Ethiopia,29448
Sheikh Zayed City,Egypt,29422
Rahmaniya,Egypt,29393
Namaacha,Mozambique,29272
Singida,Tanzania,29258
Nola,Central African Republic,29181
Welkite,Ethiopia,28866
Metu,Ethiopia,28782
Smara,Morocco,28750
Smara,Western Sahara,28750
Katima Mulilo,Namibia,28699
Manga,Burkina Faso,28612
Mendefera,Eritrea,28492
Grand-Lahou,Ivory Coast,28470
Mahmoudiyah,Egypt,28277
Fatick,Senegal,28276
Safaga,Egypt,28261
Otjiwarongo,Namibia,28249
Aného,Togo,28238
Ouésso,Republic of the Congo,28179
Bignona,Senegal,27826
Bongor,Chad,27770
Mboro,Senegal,27693
Fiche,Ethiopia,27493
Cyangugu,Rwanda,27416
Sébikotane,Senegal,27402
El-Tod,Egypt,27357
Zalingei,Sudan,27258
Niamtougou,Togo,27132
New Damietta,Egypt,27028
Limbe,Cameroon,26988
Halaba Kulito,Ethiopia,26867
Makeni,Sierra Leone,26781
Qaha,Egypt,26694
Sassandra,Ivory Coast,26608
Karnak,Egypt,26488
Segbana,Benin,26440
Kalfou,Cameroon,26223
Oum Hadjer,Chad,26136
Santa Maria,Cape Verde,25779
Koulamoutou,Gabon,25651
Palma,Mozambique,25627
El Taref,Algeria,25594
Holeta Genet,Ethiopia,25593
Bignona,Senegal,25477
Agaro,Ethiopia,25458
Nyanza,Rwanda,25417
Bure,Ethiopia,25084
Zaouiet Sousse,Tunisia,25000
Kobo,Ethiopia,24867
Tepi,Ethiopia,24829
Victoria,Seychelles,24701
Kaga-Bandoro,Central African Republic,24661
Qutur,Egypt,24518
Durame,Ethiopia,24472
El-Quseir,Egypt,24344
Kariba,Zimbabwe,24210
Atar,Mauritania,24021
Balaka Township,Malawi,24000
Pout,Senegal,23728
Bafilo,Togo,23627
Diamniadio,Senegal,23547
Kafr Shokr,Egypt,23390
Triolet,Mauritius,23386
Bassar,Togo,23181
Fatick,Senegal,23149
Kibaha,Tanzania,23050
Niamtougou,Togo,22986
Quartier-Militaire,Mauritius,22745
Keta,Ghana,22739
Tabou,Ivory Coast,22733
Sidi Ifni,Morocco,22696
Kafr Saad,Egypt,22500
Sibut,Central African Republic,22419
Bignona,Senegal,22237
Sharuna,Egypt,22221
Mbaïki,Central African Republic,22166
Aleta Wendo,Ethiopia,22093
Qift,Egypt,22063
Ruwa,Zimbabwe,22038
Ghat,Libya,22000
Fayed,Egypt,21808
Kayanza,Burundi,21767
Eyl,Somalia,21700
Naqada,Egypt,21530
Triolet,Mauritius,21250
Bobonong,Botswana,21216
Obock,Djibouti,21200
Adet,Ethiopia,21117
Welenchiti,Ethiopia,20984
Harhoura,Morocco,20950
Mulanje,Malawi,20870
Bonga,Ethiopia,20858
Debarq,Ethiopia,20839
Ati,Chad,20695
Bozoum,Central African Republic,20665
Bati,Ethiopia,20536
Laï,Chad,20261
Asosa,Ethiopia,20226
"Guérin-Kouka, Dankpen",Togo,20047
Bubanza,Burundi,20031
Berbera,Somaliland,20000
Butare,Rwanda,19937
Mapai,Mozambique,19932
Bichena,Ethiopia,19916
Gebre Guracha,Ethiopia,19872
Mut,Egypt,19616
Otjiwarongo,Namibia,19614
Bedele,Ethiopia,19517
Mao,Chad,19004
Keetmanshoop,Namibia,18900
Triolet,Mauritius,18772
Sébikotane,Senegal,18582
Barentu,Eritrea,18500
Fatick,Senegal,18416
Chinsali,Zambia,18288
Ginchi,Ethiopia,18134
Rwamagana,Rwanda,18009
Torit,South Sudan,17957
Lqliâa,Morocco,17921
Hadero,Ethiopia,17831
New Minya,Egypt,17470
Moroni,Comoros,17267
Marsabit,Kenya,17127
Ksar es-Seghir,Morocco,17125
Ginir,Ethiopia,17102
Ruhango,Rwanda,17051
Lodwar,Kenya,16981
Keetmanshoop,Namibia,16800
Pout,Senegal,16785
Gikongoro,Rwanda,16695
Kédougou,Senegal,16672
Añisok,Equatorial Guinea,16626
Chinde,Mozambique,16500
Bako,Ethiopia,16445
Moussoro,Chad,16349
Gando,Togo,16346
Île Sainte-Marie,Madagascar,16325
El Hiba,Egypt,16209
Kawambwa,Zambia,15953
Centre de Flacq,Mauritius,15791
Mengomeyén,Equatorial Guinea,15644
Shone,Ethiopia,15616
Linguère,Senegal,15482
Haramaya,Ethiopia,15317
Kantè,Togo,15313
kpélé-adéta,Togo,15146
Quthing,Lesotho,15000
Vohemar,Madagascar,15000
Shambu city,Ethiopia,14995
Tadjoura,Djibouti,14820
Ifrano,Morocco,14659
Djanet,Algeria,14655
Goulmima,Morocco,14624
Naivasha,Kenya,14563
Gwanda,Zimbabwe,14450
Togo Wuchale,Ethiopia,14438
Ndioum,Senegal,14341
Maamba,Zambia,14322
Shinshicho,Ethiopia,14285
Laï,Chad,14272
Beilul,Eritrea,14055
Mbini,Equatorial Guinea,14034
Island of Mozambique,Mozambique,14000
Ifrano,Morocco,13964
Mboro,Senegal,13542
Akonibe,Equatorial Guinea,13382
Ras Lanuf,Libya,13300
Siwa Town,Egypt,13202
Ifrano,Morocco,13074
Adi Keyh,Eritrea,13061
Brega,Libya,13000
Kanel,Senegal,12975
Manyinga,Zambia,12760
El-Tor,Egypt,12733
Lüderitz,Namibia,12537
Mariental,Namibia,12478
Ndioum,Senegal,12407
Boumalne Dades,Morocco,12391
Kibuye,Rwanda,12325
Makeni,Sierra Leone,12304
Sendafa,Ethiopia,12298
Rommani,Morocco,12297
Rommani,Morocco,12172
Assomada,Cape Verde,12026
Bissorã,Guinea-Bissau,11964
Polokwane Ext 44,South Africa,11928
Sangalkam,Senegal,11916
Jorf,Morocco,11865
Mboro,Senegal,11809
Bol,Chad,11700
Oued Laou,Morocco,11690
Podor,Senegal,11608
Ghinda,Eritrea,11560
Badou,Togo,11503
Moyamba,Sierra Leone,11485
Kebri Beyah,Ethiopia,11481
Rommani,Morocco,11433
Diofior,Senegal,11312
Edd,Eritrea,11259
Kédougou,Senegal,11216
Ifrano,Morocco,11209
Rommani,Morocco,11117
Ongwediva,Namibia,10964
Dekemhare,Eritrea,10959
Bni Drar,Morocco,10934
Blitta,Togo,10915
Bni Drar,Morocco,10907
Khorixas,Namibia,10906
Diamniadio,Senegal,10898
Pout,Senegal,10763
Fraita,Morocco,10721
Wacha,Ethiopia,10499
Figuig,Morocco,10449
Zavala,Mozambique,10391
Chivhu,Zimbabwe,10263
Kirundo,Burundi,10024
Butha-Buthe,Lesotho,10000
Q121150916,Morocco,9936
Muyinga,Burundi,9609
Pedra Badejo,Cape Verde,9530
Worabe,Ethiopia,9480
Podor,Senegal,9472
Makamba,Burundi,9396
Khorixas,Namibia,9371
Harad,Ethiopia,9359
El Salahaia El Gadeda,Egypt,9350
Tora,Ethiopia,9167
Evinayong,Equatorial Guinea,9155
Tarcha,Ethiopia,9080
Bni Drar,Morocco,8919
Agordat,Eritrea,8857
Mokhotlong,Lesotho,8809
Ras El Bar,Egypt,8635
Nefasit,Eritrea,8600
Gimbichu,Ethiopia,8556
Evinayong,Equatorial Guinea,8462
Diofior,Senegal,8388
Ras El Ma,Algeria,8193
São Filipe,Cape Verde,8122
Bare,Ethiopia,8117
Djarkpanga,Togo,8113
Ingoré,Guinea-Bissau,8107
Evinayong,Equatorial Guinea,7997
Buba,Guinea-Bissau,7898
Mhlume,Eswatini,7761
Luba,Equatorial Guinea,7739
Ras el Ma,Morocco,7527
Podor,Senegal,7469
Mansôa,Guinea-Bissau,7376
Lekoni,Gabon,7330
Pout,Senegal,7314
Mogolico,Equatorial Guinea,7251
Mitsamiouli,Comoros,7235
Mobaye,Central African Republic,7176
Ruyigi,Burundi,7139
Ghafsai,Morocco,7117
Thyolo,Malawi,7029
Bui,Ethiopia,6966
Hola,Kenya,6931
Bandjoun,Cameroon,6872
Senafe,Eritrea,6831
Baboua,Central African Republic,6812
Khorixas,Namibia,6796
Masha,Ethiopia,6787
Shalateen,Egypt,6731
Bni Drar,Morocco,6663
Trindade,São Tomé and Príncipe,6636
Endibir,Ethiopia,6488
Zouar,Chad,6432
Siteki,Eswatini,6381
Ghafsai,Morocco,6361
Sal Rei,Cape Verde,6357
Tarrafal,Cape Verde,6272
Espargos,Cape Verde,6173
Port Mathurin,Mauritius,5929
Rutana,Burundi,5865
Micomiseng,Equatorial Guinea,5813
Lobamba,Eswatini,5800
Cacheu,Guinea-Bissau,5674
Ajdir,Morocco,5630
Ghafsai,Morocco,5492
Muramvya,Burundi,5458
Thaba-Tseka,Lesotho,5423
Mupandawana,Zimbabwe,5409
Bidjabidjan,Equatorial Guinea,5167
Catió,Guinea-Bissau,5081
Cap Malheureux,Mauritius,5070
San Antonio de Palé,Equatorial Guinea,5008
Mitzic,Gabon,4926
Oussouye,Senegal,4828
Dembéni,Comoros,4723
Chavuma,Zambia,4652
Touissit,Morocco,4638
Kogo,Equatorial Guinea,4607
Outapi,Namibia,4606
Bubaque,Guinea-Bissau,4484
Bururi,Burundi,4478
Chibombo,Zambia,4310
Meraro,Ethiopia,4307
Noubarya,Egypt,4280
Ndioum,Senegal,4276
Ghafsai,Morocco,4255
Souillac,Mauritius,4154
Calheta de São Miguel,Cape Verde,4123
Oussouye,Senegal,4052
Bakoumba,Gabon,4045
Babri,Burkina Faso,3991
Ndioum,Senegal,3924
Oranjemund,Namibia,3900
Baris,Egypt,3890
Balat,Egypt,3794
Teseney,Eritrea,3753
Massenya,Chad,3680
Turki,Tunisia,3661
Cankuzo,Burundi,3624
Farafra Town,Egypt,3470
Touissit,Morocco,3429
Ovan,Gabon,3382
Evinayong,Equatorial Guinea,3170
Touissit,Morocco,3137
Touissit,Morocco,3066
Porto Inglês,Cape Verde,3056
New Qena,Egypt,3000
Ribeira Grande,Cape Verde,2950
Nuweiba,Egypt,2898
Aliyu Amba,Ethiopia,2873
São Domingos,Cape Verde,2818
Saraya,Senegal,2726
Zula,Eritrea,2612
El Alamein,Egypt,2413
Baala,Guinea,2404
Mwaro,Burundi,2403
Ankober,Ethiopia,2288
Dembo,Cameroon,2284
Nsang,Equatorial Guinea,2122
Ciudad de la Paz,Equatorial Guinea,2000
Naema,Morocco,1641
Obour City,Egypt,1436
Cova Figueira,Cape Verde,1370
Pombas,Cape Verde,1184
Naema,Morocco,1151
Ndindi,Gabon,1110
Naema,Morocco,1088
Nova Sintra,Cape Verde,1049
Naema,Morocco,1019
Taba,Egypt,800
Jamestown,"Saint Helena, Ascension and Tristan da Cunha",714
Jaheyna City,Egypt,209.26
Zliten,Libya,200
